-- Emergency Backup SQL Export
-- Generated: 2025-12-02T06:20:49.352Z
-- Total Records: 650

-- Table: users (42 records)
TRUNCATE TABLE users CASCADE;
INSERT INTO users (id, email, password, name, profile_picture, bio, created_at, updated_at, role) VALUES
('8d69dabc-e346-4ccc-85ef-93594164d012', 'buyer8@bandachao.com', '$2a$10$6MxbpMmhryph0OO0th2D0uVW5lsZ9yB3A1lxkv2cjxQBW/ydL9qgG', 'سارة', NULL, NULL, '2025-12-01T19:22:46.486Z', '2025-12-01T19:22:46.486Z', 'USER'),
('bee7163b-58b1-4a8a-bcd6-aaa1bfd67cdd', 'user1@bandachao.com', '$2a$10$cpcOIaZDHpxVx0Rykj5xduqQKPxLhAfoTA3oXmItfrlbHVDSDBhEK', '张明', 'https://i.pravatar.cc/150?u=user1@bandachao.com', NULL, '2025-11-18T15:33:30.906Z', '2025-11-18T15:33:30.906Z', 'USER'),
('8f9c678d-f5cb-4884-96c6-c66d37cae04c', 'user2@bandachao.com', '$2a$10$yvT7DZ9I9tb0KyVOm6SRMeKxxGLjlqTV0IrtjNRBdptXh8qgOfIMy', '李华', 'https://i.pravatar.cc/150?u=user2@bandachao.com', NULL, '2025-11-18T15:33:30.976Z', '2025-11-18T15:33:30.976Z', 'USER'),
('5ee0a583-3f50-4831-ab58-4051b3a281aa', 'user3@bandachao.com', '$2a$10$n/JQ6LByG303fQ6p14FyCeR1UasooZQ1XP62qnsrZHf6ljWkQK8PK', '王芳', 'https://i.pravatar.cc/150?u=user3@bandachao.com', NULL, '2025-11-18T15:33:31.039Z', '2025-11-18T15:33:31.039Z', 'USER'),
('1cb09b3d-3e0c-44b6-899c-744a134fe0df', 'user4@bandachao.com', '$2a$10$1UWI65crQ/Ez60Cr24x5veyJlCChg3f5UXkv7cB0bXOT.s9wV9zgq', '刘强', 'https://i.pravatar.cc/150?u=user4@bandachao.com', NULL, '2025-11-18T15:33:31.102Z', '2025-11-18T15:33:31.102Z', 'USER'),
('4c819c6c-f0b0-4e1d-8393-2a64359a4b9b', 'user5@bandachao.com', '$2a$10$tG2dVKUePQN.gtyyWPx6JeJiulzOH9D4BumcZ38IlxLcs6tkZOB1y', '陈静', 'https://i.pravatar.cc/150?u=user5@bandachao.com', NULL, '2025-11-18T15:33:31.166Z', '2025-11-18T15:33:31.166Z', 'USER'),
('c44455ab-7b2e-4074-adfd-d12269cb11c0', 'aljenaiditareq123@gmail.com', '$2a$10$7AN1OmPMNZru1inJhRzi..x1UnzV8dLZkNz2ZWrfOxHvK02hBtK2C', 'Tareq Aljenaidi', NULL, NULL, '2025-11-28T13:41:03.161Z', '2025-11-28T13:41:03.161Z', 'FOUNDER'),
('79c88a0b-b7fa-40b4-a7e0-52a0a778f29e', 'aljnaiditareq123@gmail.com', '$2a$10$a5pfggnMT6P9owerm8gmYe.8ud/ccRUEjd1t7mQhkH6k4EuYGUe6O', 'Tareq', NULL, NULL, '2025-12-01T17:59:04.038Z', '2025-12-01T18:22:42.457Z', 'FOUNDER'),
('50c424df-ec93-46a8-8469-38a9a4b3f397', 'buyer1@bandachao.com', '$2a$10$y6YhoLDQITYnwcdylqGQa.An3gJB1r.Am2mHgzI1.60NhjF83b2FO', 'أحمد', NULL, NULL, '2025-12-01T19:22:45.969Z', '2025-12-01T19:22:45.969Z', 'USER'),
('d62cd120-2df2-42f9-a786-d3109587b620', 'buyer2@bandachao.com', '$2a$10$BbLrN/nWUlYCkweVRjGcVOP1bh6TSGfWaoer755LSX9NRtFmCEzcm', 'محمد', NULL, NULL, '2025-12-01T19:22:46.043Z', '2025-12-01T19:22:46.043Z', 'USER'),
('7e0d6053-5011-4b1a-a74a-3c9554bb98f5', 'buyer3@bandachao.com', '$2a$10$lTLKkTALkiwIMEqXkctNCOaWI.Kh7aSOtqhzkuL7lstrMZefFYrn.', 'فاطمة', NULL, NULL, '2025-12-01T19:22:46.117Z', '2025-12-01T19:22:46.117Z', 'USER'),
('cc0a8985-3ceb-40d8-8932-4baa15f517d4', 'buyer4@bandachao.com', '$2a$10$SMYypDcqETUQFTe.C1I3ae7fpDg2e9Jy9w3bdYHkpz/XFtZT5C3Aq', 'خديجة', NULL, NULL, '2025-12-01T19:22:46.192Z', '2025-12-01T19:22:46.192Z', 'USER'),
('5655546b-258d-41be-bf3f-a407a0496447', 'buyer5@bandachao.com', '$2a$10$jw2RbFuGdO4v4UPlgCODGuY.g5eqVoqurwseK5khBVJCm6uuauR26', 'علي', NULL, NULL, '2025-12-01T19:22:46.265Z', '2025-12-01T19:22:46.265Z', 'USER'),
('77b42438-57dd-4318-aaa0-87a60be0af1d', 'buyer6@bandachao.com', '$2a$10$ND9DO2k7BuZ87tq46NA2BuIOLMvWNqCaYW/Z9XSRQoiCvi0wZOLVi', 'مريم', NULL, NULL, '2025-12-01T19:22:46.339Z', '2025-12-01T19:22:46.339Z', 'USER'),
('1c650d71-68dc-4421-b419-f245bfce7a5c', 'buyer7@bandachao.com', '$2a$10$5SjhQ4rPUpr.sWvq3wPZJ.ubGROADwPIy2HWRwL2I.n7KXAjF0KBa', 'يوسف', NULL, NULL, '2025-12-01T19:22:46.413Z', '2025-12-01T19:22:46.413Z', 'USER'),
('dc409d7b-2aa3-40f9-83e8-66985391d35d', 'buyer9@bandachao.com', '$2a$10$l8LuD3fKIV79jYsQPuPp0uhdmcnD5vl0N0ZamxJAHrzHgC0A1g68a', 'جيمس', NULL, NULL, '2025-12-01T19:22:46.560Z', '2025-12-01T19:22:46.560Z', 'USER'),
('1e2e4c28-1a82-4744-803a-768c99c6c6f5', 'buyer10@bandachao.com', '$2a$10$9W2hV9ETTjbbvc76GtYkqeLb.I.6.tvHuOlwhJAILlTfXnet8ZCja', 'إيما', NULL, NULL, '2025-12-01T19:22:46.633Z', '2025-12-01T19:22:46.633Z', 'USER'),
('5e41bdda-3753-4958-b816-e06c51f13f53', 'buyer11@bandachao.com', '$2a$10$GTRdukmZW/sQ3fxUZdFQjev1Hao2DZxaBOcUej1B0ormCd59dj2lm', 'لوكاس', NULL, NULL, '2025-12-01T19:22:46.710Z', '2025-12-01T19:22:46.710Z', 'USER'),
('4eac3e42-ce12-4b11-97d1-af77e3c4f536', 'buyer12@bandachao.com', '$2a$10$tPodg/3WSDoTad.0n4u10OFdROoUb3M1Go1s6gYjPQ4Y80yK4kUDm', 'صوفيا', NULL, NULL, '2025-12-01T19:22:46.792Z', '2025-12-01T19:22:46.792Z', 'USER'),
('6b8fb30c-bafa-4fb4-abae-d50b73d9922d', 'buyer13@bandachao.com', '$2a$10$ZJhffGyOBsyKJO7BQ/O4EepF0EuYKBYHcqd7ZYN3m0c54UiW8p9ya', 'مايكل', NULL, NULL, '2025-12-01T19:22:46.873Z', '2025-12-01T19:22:46.873Z', 'USER'),
('824b418b-fd28-41a2-9cdb-383fac0bf0d7', 'maker3@bandachao.com', '$2a$10$f2wEZK2D10vWQ1HQnpGD6.pNfkRZUKDLFJzgPDBc2yPLDdfw49irW', 'محمد النحاس', NULL, NULL, '2025-12-01T19:22:44.533Z', '2025-12-01T19:23:55.742Z', 'USER'),
('60ea56f2-a4df-4cdf-b40c-cc18f2009442', 'maker5@bandachao.com', '$2a$10$06vdz5GArOgJUXv2LCpBs.m.X6wgsXMRsYrBHkKp76lMHLxL8lT1u', 'علي الخشاب', NULL, NULL, '2025-12-01T19:22:44.684Z', '2025-12-01T19:23:55.892Z', 'USER'),
('1d97b288-ba96-464d-84cc-11bf347d73d9', 'maker6@bandachao.com', '$2a$10$ZB01FySTxnYEyjbq4j.8QOqTdK9gpgvgAK21mTGSPUeTGi5Ukn3d6', 'مريم السجاد', NULL, NULL, '2025-12-01T19:22:44.760Z', '2025-12-01T19:23:55.967Z', 'USER'),
('def7985f-f75f-4e1e-96c5-c13eb3e6a25d', 'maker7@bandachao.com', '$2a$10$bbMj60frWaksSZbOGTRK0uX5/pKTOLptYHRBh/jSWJIqxcjsPfdfi', 'يوسف الفضائي', NULL, NULL, '2025-12-01T19:22:44.835Z', '2025-12-01T19:23:56.042Z', 'USER'),
('d047e84f-ef11-4ad9-8ed7-3dfad034501a', 'maker8@bandachao.com', '$2a$10$EWKK0Wi1aihtE5X7K.Y9IOPfhrSwutFlaHZRrbgxJa0m.LPFrIoem', '张师傅', NULL, NULL, '2025-12-01T19:22:44.909Z', '2025-12-01T19:23:56.117Z', 'USER'),
('f60266d4-f8ed-420f-ab10-a5b9d153f32c', 'maker9@bandachao.com', '$2a$10$9EJdU9gMWDVoQSRDK87MSOJY/QDda31/gV3Wl4GTDAHamAvDXBDMq', '李师傅', NULL, NULL, '2025-12-01T19:22:44.984Z', '2025-12-01T19:23:56.192Z', 'USER'),
('fd58785a-9177-41ff-8a9a-2356f3471570', 'maker10@bandachao.com', '$2a$10$khTHvsU1WvlOq4EIYIP9D.JCWEbdsdNAPgHRz4NKdmhibGY.IsdHq', '王师傅', NULL, NULL, '2025-12-01T19:22:45.059Z', '2025-12-01T19:23:56.267Z', 'USER'),
('549c49b9-03eb-40c1-baca-ffe909bd02f7', 'maker11@bandachao.com', '$2a$10$Yo5SNFB0AZmPXmdzKq4HX.Y5aR2fxmXJliu7mJaid6O4ExPCE3X.C', '陈师傅', NULL, NULL, '2025-12-01T19:22:45.134Z', '2025-12-01T19:23:56.341Z', 'USER'),
('c4a990d7-c452-472d-ba8c-635efb5a085e', 'maker12@bandachao.com', '$2a$10$SZfxwLzvW1Vy9aC4xDLDA.50iagVhO.Q/KLB5qd7OJz4PJ5DW2FHi', '刘师傅', NULL, NULL, '2025-12-01T19:22:45.273Z', '2025-12-01T19:23:56.415Z', 'USER'),
('5bd62b03-c738-4c15-898b-aba3ac190928', 'maker13@bandachao.com', '$2a$10$1EU8uWi3cNvUYjF4mESxZOQpZvbdchnJygwXDD6DGRwYJ74bPOcFi', '赵师傅', NULL, NULL, '2025-12-01T19:22:45.365Z', '2025-12-01T19:23:56.489Z', 'USER'),
('8232208b-601c-4ee2-a71e-7fd96063425e', 'maker14@bandachao.com', '$2a$10$k73NZHmHAcxdPIaV3KR03.wK.MsjrrHtIALaqpJcCPY5YVoCis9jG', 'Sarah Artisan', NULL, NULL, '2025-12-01T19:22:45.440Z', '2025-12-01T19:23:56.562Z', 'USER'),
('c0906216-6a9a-47c0-b36e-32dc395f7b31', 'maker15@bandachao.com', '$2a$10$VCXHfAMoryqbSFgQVnVxaOx0y3CdL.Qt3iY0GI2f.VxuxL28TR6ba', 'James Craftsman', NULL, NULL, '2025-12-01T19:22:45.514Z', '2025-12-01T19:23:56.636Z', 'USER'),
('9d23a062-c65a-47d0-bb3a-0ce8f51be118', 'maker16@bandachao.com', '$2a$10$0bFCR6rUsmjBF80fCamfbOwnMcC8.dEeKwU5M6E9CGwSggnmxJqP.', 'Emma Maker', NULL, NULL, '2025-12-01T19:22:45.587Z', '2025-12-01T19:23:56.710Z', 'USER'),
('744dff1a-72f2-4f32-8ec4-ba72a9d92613', 'maker17@bandachao.com', '$2a$10$NrUDedtPRZy0iRXX.B7KMeh5V8203BVXDmaa3zkvDHPpvmxw3xKU.', 'Lucas Artisan', NULL, NULL, '2025-12-01T19:22:45.661Z', '2025-12-01T19:23:56.784Z', 'USER'),
('879205ff-d205-44e0-81c2-907e678bc3c2', 'maker18@bandachao.com', '$2a$10$Xy5dXSe2O.ogS2zdl.KDHuo66b7AGZzYNg83ffx9HQZjLl0SrR.yq', 'Sophia Creator', NULL, NULL, '2025-12-01T19:22:45.735Z', '2025-12-01T19:23:56.858Z', 'USER'),
('29cb695b-3250-40e7-bd8b-2e7494fe17de', 'maker19@bandachao.com', '$2a$10$r3K9dHOrpCesnaUNiHpNcuxj40k82qo/uoZWRbxkncCGptGP4xNI.', 'Michael Handmade', NULL, NULL, '2025-12-01T19:22:45.809Z', '2025-12-01T19:23:56.936Z', 'USER'),
('9c12694e-5c10-49cc-9cdf-592f1ac3fd47', 'maker20@bandachao.com', '$2a$10$keBtq1qS8qc35qyLNypFGexpWZm0fzSjuwAM0XdPG0oPVs3q2u5PC', 'Isabella Craft', NULL, NULL, '2025-12-01T19:22:45.884Z', '2025-12-01T19:23:57.010Z', 'USER'),
('4e624c5f-c951-48a6-9cf7-6b685259793a', 'maker2@bandachao.com', '$2a$10$TwIyqMRWRgP9TTPKeniLcuijCOwa041Udw1aXab8PLYa5pi39Si4i', 'فاطمة المطرزة', NULL, NULL, '2025-12-01T19:22:44.458Z', '2025-12-01T19:23:55.667Z', 'USER'),
('e9887336-983a-4f20-8f1e-b06122e28c23', 'buyer14@bandachao.com', '$2a$10$1JEtTOJLNZ6LSM4mis52rOzMRZHE3jn7XhDIJsi.UcBzUAGxpZncy', 'إيزابيلا', NULL, NULL, '2025-12-01T19:22:46.981Z', '2025-12-01T19:22:46.981Z', 'USER'),
('f6390744-0bce-4f8b-8c30-1ed13afb0a8e', 'buyer15@bandachao.com', '$2a$10$HFxb0Z9sYc3mkoqnFmQxZuBH453eZutqk5x/r4FeWVCYSlvxNzRTK', 'ديفيد', NULL, NULL, '2025-12-01T19:22:47.073Z', '2025-12-01T19:22:47.073Z', 'USER'),
('4f62b185-dcac-448d-847c-413f5ef64627', 'maker1@bandachao.com', '$2a$10$C98QqNQQU3OR4IkyHDE50OYGStwNDbyG47sfvJ86PXcCIwtgWehRW', 'أحمد الفخاري', NULL, NULL, '2025-12-01T19:22:44.381Z', '2025-12-01T19:23:55.592Z', 'USER'),
('6eabf360-c0aa-489d-ad30-c030c52a9ed7', 'maker4@bandachao.com', '$2a$10$fLmRGrnK6Hku949HxSVN2.Jub5HjGQjseDalbrpyb882negmCWkUu', 'خديجة الزجاجية', NULL, NULL, '2025-12-01T19:22:44.609Z', '2025-12-01T19:23:55.817Z', 'USER');

-- Table: makers (20 records)
TRUNCATE TABLE makers CASCADE;
INSERT INTO makers (id, user_id, slug, name, bio, story, profile_picture_url, cover_picture_url, created_at, updated_at) VALUES
('3915a494-fbf7-4bfb-836f-a61e1f344852', 'd047e84f-ef11-4ad9-8ed7-3dfad034501a', 'master-zhang', '张师傅', '传统工艺大师，来自景德镇', NULL, NULL, NULL, '2025-12-01T19:22:44.911Z', '2025-12-01T19:23:56.118Z'),
('df96ebd2-b07d-49d4-8d26-24c0fb86deb5', 'f60266d4-f8ed-420f-ab10-a5b9d153f32c', 'master-li', '李师傅', '传统工艺大师，来自苏州', NULL, NULL, NULL, '2025-12-01T19:22:44.985Z', '2025-12-01T19:23:56.194Z'),
('8fa73182-c4c2-4812-887b-18735b9993c3', 'fd58785a-9177-41ff-8a9a-2356f3471570', 'master-wang', '王师傅', '传统工艺大师，来自杭州', NULL, NULL, NULL, '2025-12-01T19:22:45.060Z', '2025-12-01T19:23:56.268Z'),
('b6ad8502-7284-4d52-afd4-956e440ae7cd', '549c49b9-03eb-40c1-baca-ffe909bd02f7', 'master-chen', '陈师傅', '传统工艺大师，来自北京', NULL, NULL, NULL, '2025-12-01T19:22:45.135Z', '2025-12-01T19:23:56.342Z'),
('65cd578b-64bf-4c3c-b85a-b4a17a30b3bc', 'c4a990d7-c452-472d-ba8c-635efb5a085e', 'master-liu', '刘师傅', '传统工艺大师，来自成都', NULL, NULL, NULL, '2025-12-01T19:22:45.274Z', '2025-12-01T19:23:56.416Z'),
('dae883f7-e987-4452-91c8-5382558af7dd', '5bd62b03-c738-4c15-898b-aba3ac190928', 'master-zhao', '赵师傅', '传统工艺大师，来自西安', NULL, NULL, NULL, '2025-12-01T19:22:45.366Z', '2025-12-01T19:23:56.490Z'),
('5e3fd24b-79db-46fd-93e2-8a5727ac8ae0', '8232208b-601c-4ee2-a71e-7fd96063425e', 'sarah-artisan', 'Sarah Artisan', 'Skilled artisan specializing in handmade crafts from New York', NULL, NULL, NULL, '2025-12-01T19:22:45.441Z', '2025-12-01T19:23:56.563Z'),
('f392daa3-ca53-49ab-8c96-ad8dc0593c5e', '4f62b185-dcac-448d-847c-413f5ef64627', 'ahmed-the-potter', 'أحمد الفخاري', 'حرفي ماهر متخصص في Ahmed the Potter من القاهرة', NULL, NULL, NULL, '2025-12-01T19:22:44.383Z', '2025-12-01T19:23:55.594Z'),
('03a247ab-844a-48a1-a627-1536c29138c8', '4e624c5f-c951-48a6-9cf7-6b685259793a', 'fatima-the-embroiderer', 'فاطمة المطرزة', 'حرفي ماهر متخصص في Fatima the Embroiderer من فاس', NULL, NULL, NULL, '2025-12-01T19:22:44.460Z', '2025-12-01T19:23:55.668Z'),
('a8d649aa-8d21-4a02-bd66-40ec7cb5dc58', '824b418b-fd28-41a2-9cdb-383fac0bf0d7', 'mohammed-the-coppersmith', 'محمد النحاس', 'حرفي ماهر متخصص في Mohammed the Coppersmith من دمشق', NULL, NULL, NULL, '2025-12-01T19:22:44.535Z', '2025-12-01T19:23:55.744Z'),
('d9f67b0d-ca34-406d-8399-62fc320e8184', '6eabf360-c0aa-489d-ad30-c030c52a9ed7', 'khadija-the-glassmaker', 'خديجة الزجاجية', 'حرفي ماهر متخصص في Khadija the Glassmaker من بيروت', NULL, NULL, NULL, '2025-12-01T19:22:44.610Z', '2025-12-01T19:23:55.819Z'),
('313e3bf9-04b6-46e4-ad39-a195e2ee13e2', '60ea56f2-a4df-4cdf-b40c-cc18f2009442', 'ali-the-woodworker', 'علي الخشاب', 'حرفي ماهر متخصص في Ali the Woodworker من دبي', NULL, NULL, NULL, '2025-12-01T19:22:44.686Z', '2025-12-01T19:23:55.893Z'),
('3cdbdaab-6c93-4ea9-9bc9-9afa4ed389d2', '1d97b288-ba96-464d-84cc-11bf347d73d9', 'maryam-the-rug-weaver', 'مريم السجاد', 'حرفي ماهر متخصص في Maryam the Rug Weaver من أصفهان', NULL, NULL, NULL, '2025-12-01T19:22:44.761Z', '2025-12-01T19:23:55.969Z'),
('7960743c-3955-45a2-bdc4-5d56d6187c38', 'def7985f-f75f-4e1e-96c5-c13eb3e6a25d', 'youssef-the-silversmith', 'يوسف الفضائي', 'حرفي ماهر متخصص في Youssef the Silversmith من عمان', NULL, NULL, NULL, '2025-12-01T19:22:44.836Z', '2025-12-01T19:23:56.043Z'),
('3712551e-889a-40f9-933b-8293d23ca88f', 'c0906216-6a9a-47c0-b36e-32dc395f7b31', 'james-craftsman', 'James Craftsman', 'Skilled artisan specializing in handmade crafts from London', NULL, NULL, NULL, '2025-12-01T19:22:45.515Z', '2025-12-01T19:23:56.637Z'),
('be5f607d-2933-4a3b-a8a3-f35e31df47f0', '9d23a062-c65a-47d0-bb3a-0ce8f51be118', 'emma-maker', 'Emma Maker', 'Skilled artisan specializing in handmade crafts from Toronto', NULL, NULL, NULL, '2025-12-01T19:22:45.588Z', '2025-12-01T19:23:56.711Z'),
('89e8692b-08c4-42f3-a826-5316697ce480', '744dff1a-72f2-4f32-8ec4-ba72a9d92613', 'lucas-artisan', 'Lucas Artisan', 'Skilled artisan specializing in handmade crafts from Paris', NULL, NULL, NULL, '2025-12-01T19:22:45.662Z', '2025-12-01T19:23:56.785Z'),
('c55e8eb9-f992-483a-b488-773dd35f9c6c', '879205ff-d205-44e0-81c2-907e678bc3c2', 'sophia-creator', 'Sophia Creator', 'Skilled artisan specializing in handmade crafts from Berlin', NULL, NULL, NULL, '2025-12-01T19:22:45.737Z', '2025-12-01T19:23:56.860Z'),
('86d68837-887a-4d25-b471-c804d7157cb3', '29cb695b-3250-40e7-bd8b-2e7494fe17de', 'michael-handmade', 'Michael Handmade', 'Skilled artisan specializing in handmade crafts from Sydney', NULL, NULL, NULL, '2025-12-01T19:22:45.811Z', '2025-12-01T19:23:56.937Z'),
('9534cfdc-afef-43d2-8222-7aef9eb76a64', '9c12694e-5c10-49cc-9cdf-592f1ac3fd47', 'isabella-craft', 'Isabella Craft', 'Skilled artisan specializing in handmade crafts from Florence', NULL, NULL, NULL, '2025-12-01T19:22:45.885Z', '2025-12-01T19:23:57.011Z');

-- Table: products (124 records)
TRUNCATE TABLE products CASCADE;
INSERT INTO products (id, name, description, image_url, external_link, user_id, price, category, created_at, updated_at) VALUES
('fdcb6d88-b77d-4da1-9b1f-1356ecd61928', 'iPhone 15 Pro', '最新款iPhone，配备A17 Pro芯片，拍照功能强大，性能卓越。', 'https://picsum.photos/400/400?random=101', 'https://www.apple.com', 'bee7163b-58b1-4a8a-bcd6-aaa1bfd67cdd', 7999, '电子产品', '2025-11-18T15:33:31.178Z', '2025-11-18T15:33:31.178Z'),
('ecec2cdc-2182-49d5-a39a-d6341f423d25', '无线蓝牙耳机', '高品质蓝牙耳机，降噪功能强大，音质清晰。', 'https://picsum.photos/400/400?random=106', 'https://www.example.com', '8f9c678d-f5cb-4884-96c6-c66d37cae04c', 399, '电子产品', '2025-11-18T15:33:31.179Z', '2025-11-18T15:33:31.179Z'),
('1541c5e8-92f9-4625-b64c-ef6af82fa134', '智能手表', '多功能智能手表，健康监测，运动追踪。', 'https://picsum.photos/400/400?random=111', 'https://www.example.com', '5ee0a583-3f50-4831-ab58-4051b3a281aa', 1299, '电子产品', '2025-11-18T15:33:31.180Z', '2025-11-18T15:33:31.180Z'),
('f8a34017-3a90-4909-aa59-9e97cf5743af', '平板电脑', '高性能平板电脑，适合办公和学习。', 'https://picsum.photos/400/400?random=116', 'https://www.example.com', '1cb09b3d-3e0c-44b6-899c-744a134fe0df', 2499, '电子产品', '2025-11-18T15:33:31.180Z', '2025-11-18T15:33:31.180Z'),
('e90db848-8b15-47fc-ad22-10f55b945002', '游戏手柄', '专业游戏手柄，支持多平台，手感舒适。', 'https://picsum.photos/400/400?random=117', 'https://www.example.com', '4c819c6c-f0b0-4e1d-8393-2a64359a4b9b', 299, '电子产品', '2025-11-18T15:33:31.180Z', '2025-11-18T15:33:31.180Z'),
('08c312d3-5cab-4c0a-9166-8df14925651e', '便携式充电宝', '大容量移动电源，快速充电，安全可靠。', 'https://picsum.photos/400/400?random=118', 'https://www.example.com', 'bee7163b-58b1-4a8a-bcd6-aaa1bfd67cdd', 129, '电子产品', '2025-11-18T15:33:31.181Z', '2025-11-18T15:33:31.181Z'),
('1a932f5f-29bb-428c-a04a-e90d816423fe', '时尚运动鞋', '舒适透气的运动鞋，适合日常运动和休闲穿着。', 'https://picsum.photos/400/400?random=102', 'https://www.example.com', '8f9c678d-f5cb-4884-96c6-c66d37cae04c', 299, '时尚', '2025-11-18T15:33:31.181Z', '2025-11-18T15:33:31.181Z'),
('96d567b3-e08b-4c44-8fa4-25d8ff4be8a4', '时尚连衣裙', '优雅时尚的连衣裙，适合各种场合穿着。', 'https://picsum.photos/400/400?random=107', 'https://www.example.com', '5ee0a583-3f50-4831-ab58-4051b3a281aa', 199, '时尚', '2025-11-18T15:33:31.182Z', '2025-11-18T15:33:31.182Z'),
('d8581e4b-d398-4b21-b555-1cc3db2449a5', '时尚背包', '多功能时尚背包，容量大，适合旅行和日常使用。', 'https://picsum.photos/400/400?random=112', 'https://www.example.com', '1cb09b3d-3e0c-44b6-899c-744a134fe0df', 199, '时尚', '2025-11-18T15:33:31.183Z', '2025-11-18T15:33:31.183Z'),
('e9be66a7-9312-4b44-b34a-c7c81d72f48a', '潮流太阳镜', '时尚太阳镜，UV防护，多种款式选择。', 'https://picsum.photos/400/400?random=119', 'https://www.example.com', '4c819c6c-f0b0-4e1d-8393-2a64359a4b9b', 159, '时尚', '2025-11-18T15:33:31.183Z', '2025-11-18T15:33:31.183Z'),
('8437cfb1-da95-47d1-9ff0-43be12cf1af3', '精致手表', '经典设计手表，优雅大方，适合商务场合。', 'https://picsum.photos/400/400?random=120', 'https://www.example.com', 'bee7163b-58b1-4a8a-bcd6-aaa1bfd67cdd', 899, '时尚', '2025-11-18T15:33:31.183Z', '2025-11-18T15:33:31.183Z'),
('4c93ed96-e62f-480b-bde7-3b74dd3c01d2', '现代简约沙发', '北欧风格沙发，舒适耐用，适合现代家居装饰。', 'https://picsum.photos/400/400?random=103', 'https://www.example.com', '8f9c678d-f5cb-4884-96c6-c66d37cae04c', 2999, '家居', '2025-11-18T15:33:31.183Z', '2025-11-18T15:33:31.183Z'),
('05e63bc8-a009-4c37-ba11-bdff07e9ed78', '实木餐桌', '优质实木餐桌，环保健康，经久耐用。', 'https://picsum.photos/400/400?random=108', 'https://www.example.com', '5ee0a583-3f50-4831-ab58-4051b3a281aa', 1999, '家居', '2025-11-18T15:33:31.184Z', '2025-11-18T15:33:31.184Z'),
('e17dbd7a-b753-4fb9-866e-e77fede15d8c', '记忆棉枕头', '舒适记忆棉枕头，护颈设计，改善睡眠质量。', 'https://picsum.photos/400/400?random=113', 'https://www.example.com', '1cb09b3d-3e0c-44b6-899c-744a134fe0df', 159, '家居', '2025-11-18T15:33:31.184Z', '2025-11-18T15:33:31.184Z'),
('e69c3e33-a967-4d41-9f06-4a90517abb60', '落地灯', '现代风格落地灯，LED光源，节能环保。', 'https://picsum.photos/400/400?random=121', 'https://www.example.com', '4c819c6c-f0b0-4e1d-8393-2a64359a4b9b', 299, '家居', '2025-11-18T15:33:31.184Z', '2025-11-18T15:33:31.184Z'),
('2435c65d-0678-419c-bb09-95a4572efe54', '装饰画', '精美装饰画，提升家居品味，多种风格可选。', 'https://picsum.photos/400/400?random=122', 'https://www.example.com', 'bee7163b-58b1-4a8a-bcd6-aaa1bfd67cdd', 89, '家居', '2025-11-18T15:33:31.185Z', '2025-11-18T15:33:31.185Z'),
('00dd4598-0667-4d7c-bb80-9696de54d2fd', '瑜伽垫', '防滑瑜伽垫，厚度适中，适合各种瑜伽练习。', 'https://picsum.photos/400/400?random=104', 'https://www.example.com', '8f9c678d-f5cb-4884-96c6-c66d37cae04c', 89, '运动', '2025-11-18T15:33:31.185Z', '2025-11-18T15:33:31.185Z'),
('f18c9879-45b6-4fa5-b4ba-3865e249b044', '跑步机', '家用跑步机，静音设计，适合室内运动。', 'https://picsum.photos/400/400?random=109', 'https://www.example.com', '5ee0a583-3f50-4831-ab58-4051b3a281aa', 2999, '运动', '2025-11-18T15:33:31.185Z', '2025-11-18T15:33:31.185Z'),
('6fd8d1c6-7416-4de7-ad63-337953b97c00', '哑铃套装', '可调节重量哑铃，适合家庭健身。', 'https://picsum.photos/400/400?random=114', 'https://www.example.com', '1cb09b3d-3e0c-44b6-899c-744a134fe0df', 299, '运动', '2025-11-18T15:33:31.185Z', '2025-11-18T15:33:31.185Z'),
('6ab40743-72e5-407f-8bb7-3224ce9051af', '运动护膝', '专业运动护膝，保护关节，适合跑步和健身。', 'https://picsum.photos/400/400?random=123', 'https://www.example.com', '4c819c6c-f0b0-4e1d-8393-2a64359a4b9b', 79, '运动', '2025-11-18T15:33:31.186Z', '2025-11-18T15:33:31.186Z'),
('59213905-77f3-4eed-8380-f480d5871d2b', '健身球', '多用途健身球，适合瑜伽和力量训练。', 'https://picsum.photos/400/400?random=124', 'https://www.example.com', 'bee7163b-58b1-4a8a-bcd6-aaa1bfd67cdd', 129, '运动', '2025-11-18T15:33:31.186Z', '2025-11-18T15:33:31.186Z'),
('ad8f2481-4e3a-462d-9411-82d7c1b41e7a', 'مزهرية سيراميك يدوية', 'مزهرية سيراميك فاخرة مصنوعة يدوياً بتقنيات تقليدية عريقة. تتميز بتصميم أنيق وألوان زاهية تضيف لمسة جمالية لأي مساحة.', 'https://picsum.photos/800/600?random=1', '', '4f62b185-dcac-448d-847c-413f5ef64627', 161.6457215128787, 'Ceramics', '2025-12-01T19:22:45.886Z', '2025-12-01T19:22:45.886Z'),
('f29db7bd-241e-460e-9534-b50d85417770', 'سجادة صوفية تقليدية', 'سجادة صوفية فاخرة منسوجة يدوياً بطرق تقليدية. تتميز بجودة عالية وتصاميم عربية أصيلة تضيف دفء وأناقة للمنزل.', 'https://picsum.photos/800/600?random=2', '', '4f62b185-dcac-448d-847c-413f5ef64627', 350.4773201381388, 'Textiles', '2025-12-01T19:22:45.889Z', '2025-12-01T19:22:45.889Z'),
('00f60438-5a8f-4a80-a0bf-af2c47e2fc15', 'طقم شاي نحاسي', 'طقم شاي نحاسي أنيق مصنوع يدوياً بتقنيات الحرفيين المهرة. مثالي لتقديم الشاي العربي الأصيل بطريقة راقية.', 'https://picsum.photos/800/600?random=3', '', '4e624c5f-c951-48a6-9cf7-6b685259793a', 271.3250980896958, 'Metalwork', '2025-12-01T19:22:45.890Z', '2025-12-01T19:22:45.890Z'),
('3164b973-0052-46f8-82b7-124549623376', 'مصباح زجاجي ملون', 'مصباح زجاجي ملون بتصميم فني رائع. يضفي إضاءة دافئة وجميلة مع لمسة عربية أصيلة.', 'https://picsum.photos/800/600?random=4', '', '4e624c5f-c951-48a6-9cf7-6b685259793a', 136.2417352657852, 'Glass', '2025-12-01T19:22:45.890Z', '2025-12-01T19:22:45.890Z'),
('6d07fd60-cadf-4e93-8251-cefe0f39bf09', 'صندوق خشبي منحوت', 'صندوق خشبي منحوت يدوياً بتصاميم عربية تقليدية. مثالي لحفظ المجوهرات والتحف الثمينة.', 'https://picsum.photos/800/600?random=5', '', '824b418b-fd28-41a2-9cdb-383fac0bf0d7', 75.06748368983675, 'Woodwork', '2025-12-01T19:22:45.890Z', '2025-12-01T19:22:45.890Z'),
('d67c7d6c-2516-48b6-a113-7c442da9507c', 'Handmade Ceramic Vase', 'Handmade Ceramic Vase - Beautiful handmade ceramics crafted with traditional techniques.', 'https://picsum.photos/800/600?random=28', '', 'fd58785a-9177-41ff-8a9a-2356f3471570', 126.4980525570857, 'Ceramics', '2025-12-01T19:23:57.022Z', '2025-12-01T19:23:57.022Z'),
('bd163133-b7a8-4af7-982a-29f197e266f9', 'وسادة مطرزة بالحرير', 'وسادة فاخرة مطرزة بالحرير بتصاميم عربية تقليدية. تضيف لمسة فاخرة وأناقة للديكور الداخلي.', 'https://picsum.photos/800/600?random=6', '', '824b418b-fd28-41a2-9cdb-383fac0bf0d7', 174.359917172238, 'Textiles', '2025-12-01T19:22:45.891Z', '2025-12-01T19:22:45.891Z'),
('3967ea0f-7a80-407b-8e57-47af347f7765', 'إبريق فخاري تقليدي', 'إبريق فخاري مصنوع يدوياً بتقنيات تقليدية. يحافظ على برودة الماء بشكل طبيعي ومثالي للاستخدام اليومي.', 'https://picsum.photos/800/600?random=7', '', '6eabf360-c0aa-489d-ad30-c030c52a9ed7', 48.7411281737036, 'Pottery', '2025-12-01T19:22:45.892Z', '2025-12-01T19:22:45.892Z'),
('39106a88-41cf-4b2a-8fb2-fbbfa5ee3007', 'سلة خيزران يدوية', 'سلة خيزران أنيقة مصنوعة يدوياً. متعددة الاستخدامات وتضيف لمسة طبيعية للمنزل.', 'https://picsum.photos/800/600?random=8', '', '60ea56f2-a4df-4cdf-b40c-cc18f2009442', 41.93015569376226, 'Bamboo', '2025-12-01T19:22:45.893Z', '2025-12-01T19:22:45.893Z'),
('915c36ab-8c45-4857-b7d3-d8584fad1e0d', 'قلادة فضية منقوشة', 'قلادة فضية فاخرة منقوشة بتصاميم عربية تقليدية. قطعة فريدة تضيف أناقة وتميز.', 'https://picsum.photos/800/600?random=9', '', '1d97b288-ba96-464d-84cc-11bf347d73d9', 237.7305096370692, 'Jewelry', '2025-12-01T19:22:45.893Z', '2025-12-01T19:22:45.893Z'),
('07ecd6cf-91b8-4bac-91df-2fac78be6421', 'طبق نحاسي مزخرف', 'طبق نحاسي مزخرف بتصاميم عربية أصيلة. مثالي لتقديم الطعام بطريقة راقية وأنيقة.', 'https://picsum.photos/800/600?random=10', '', 'def7985f-f75f-4e1e-96c5-c13eb3e6a25d', 96.13489907216707, 'Metalwork', '2025-12-01T19:22:45.893Z', '2025-12-01T19:22:45.893Z'),
('b3d6f2e5-4ca1-43be-86c0-1c313903c7ab', 'Traditional Ceramic Vase', 'Traditional Ceramic Vase - Beautiful handmade ceramics crafted with traditional techniques.', 'https://picsum.photos/800/600?random=11', '', 'd047e84f-ef11-4ad9-8ed7-3dfad034501a', 160.337926545333, 'Ceramics', '2025-12-01T19:22:45.893Z', '2025-12-01T19:22:45.893Z'),
('54071ec2-99f3-4589-9504-60fbaa3d60ca', 'Silk Scarf', 'Silk Scarf - Beautiful handmade textiles crafted with traditional techniques.', 'https://picsum.photos/800/600?random=12', '', 'f60266d4-f8ed-420f-ab10-a5b9d153f32c', 138.311484987127, 'Textiles', '2025-12-01T19:22:45.894Z', '2025-12-01T19:22:45.894Z'),
('5a92291c-e2d6-413c-9c98-8e4638e3c060', 'Bamboo Woven Basket', 'Bamboo Woven Basket - Beautiful handmade bamboo crafted with traditional techniques.', 'https://picsum.photos/800/600?random=13', '', 'fd58785a-9177-41ff-8a9a-2356f3471570', 67.73292712352449, 'Bamboo', '2025-12-01T19:22:45.894Z', '2025-12-01T19:22:45.894Z'),
('3ef1c0c2-0c65-457a-9749-0fd1d470c0ca', 'Handmade Tea Set', 'Handmade Tea Set - Beautiful handmade ceramics crafted with traditional techniques.', 'https://picsum.photos/800/600?random=14', '', '549c49b9-03eb-40c1-baca-ffe909bd02f7', 250.5609258528397, 'Ceramics', '2025-12-01T19:22:45.894Z', '2025-12-01T19:22:45.894Z'),
('72232f71-557c-49a4-9e98-a768482621ee', 'Embroidered Cushion', 'Embroidered Cushion - Beautiful handmade textiles crafted with traditional techniques.', 'https://picsum.photos/800/600?random=15', '', 'c4a990d7-c452-472d-ba8c-635efb5a085e', 133.0150119404152, 'Textiles', '2025-12-01T19:22:45.894Z', '2025-12-01T19:22:45.894Z'),
('861b2a26-7e62-4abb-84b9-0013f95fe849', 'Jade Necklace', 'Jade Necklace - Beautiful handmade jewelry crafted with traditional techniques.', 'https://picsum.photos/800/600?random=16', '', '5bd62b03-c738-4c15-898b-aba3ac190928', 421.6947155578277, 'Jewelry', '2025-12-01T19:22:45.894Z', '2025-12-01T19:22:45.894Z'),
('c6e2b7c8-5e7a-4053-a83e-109066e414de', 'Wooden Jewelry Box', 'Wooden Jewelry Box - Beautiful handmade woodwork crafted with traditional techniques.', 'https://picsum.photos/800/600?random=17', '', '8232208b-601c-4ee2-a71e-7fd96063425e', 149.2162805765316, 'Woodwork', '2025-12-01T19:22:45.895Z', '2025-12-01T19:22:45.895Z'),
('9fa17f15-0490-410e-a903-d4348f4e5adb', 'Traditional Lantern', 'Traditional Lantern - Beautiful handmade paper crafted with traditional techniques.', 'https://picsum.photos/800/600?random=18', '', 'c0906216-6a9a-47c0-b36e-32dc395f7b31', 103.8098848454291, 'Paper', '2025-12-01T19:22:45.895Z', '2025-12-01T19:22:45.895Z'),
('312f6b85-70aa-44e3-aea7-5304ca90c858', 'Handmade Leather Bag', 'Handmade Leather Bag - Beautiful handmade leather crafted with traditional techniques.', 'https://picsum.photos/800/600?random=19', '', '9d23a062-c65a-47d0-bb3a-0ce8f51be118', 295.6335097336774, 'Leather', '2025-12-01T19:22:45.895Z', '2025-12-01T19:22:45.895Z'),
('9377fe1c-7431-4c9a-b422-e7783cc362f8', 'Artisan Pottery Bowl', 'Artisan Pottery Bowl - Beautiful handmade pottery crafted with traditional techniques.', 'https://picsum.photos/800/600?random=20', '', '744dff1a-72f2-4f32-8ec4-ba72a9d92613', 99.42276633894986, 'Pottery', '2025-12-01T19:22:45.895Z', '2025-12-01T19:22:45.895Z'),
('e45e08dc-92b3-4a2f-8999-d3990841ca12', 'Handwoven Wool Blanket', 'Handwoven Wool Blanket - Beautiful handmade textiles crafted with traditional techniques.', 'https://picsum.photos/800/600?random=21', '', '879205ff-d205-44e0-81c2-907e678bc3c2', 278.5424430176534, 'Textiles', '2025-12-01T19:22:45.895Z', '2025-12-01T19:22:45.895Z'),
('c03c726a-f40d-4d3c-8d25-ffcd6db6b421', 'Handcrafted Wooden Cutting Board', 'Handcrafted Wooden Cutting Board - Beautiful handmade woodwork crafted with traditional techniques.', 'https://picsum.photos/800/600?random=22', '', '29cb695b-3250-40e7-bd8b-2e7494fe17de', 80.71552851264732, 'Woodwork', '2025-12-01T19:22:45.896Z', '2025-12-01T19:22:45.896Z'),
('8cf704ae-d017-402f-812d-e68ae5e0dbf4', 'Artisan Ceramic Mug', 'Artisan Ceramic Mug - Beautiful handmade ceramics crafted with traditional techniques.', 'https://picsum.photos/800/600?random=23', '', '9c12694e-5c10-49cc-9cdf-592f1ac3fd47', 64.24205683703269, 'Ceramics', '2025-12-01T19:22:45.896Z', '2025-12-01T19:22:45.896Z'),
('ebf8b703-b7b0-4e54-9086-6565969f30be', 'مزهرية سيراميك يدوية', 'مزهرية سيراميك فاخرة مصنوعة يدوياً بتقنيات تقليدية عريقة. تتميز بتصميم أنيق وألوان زاهية تضيف لمسة جمالية لأي مساحة.', 'https://picsum.photos/800/600?random=1', '', '4f62b185-dcac-448d-847c-413f5ef64627', 136.332141097053, 'Ceramics', '2025-12-01T19:23:03.630Z', '2025-12-01T19:23:03.630Z'),
('d9242548-2cfe-4698-9a07-11bfdf5171ff', 'سجادة صوفية تقليدية', 'سجادة صوفية فاخرة منسوجة يدوياً بطرق تقليدية. تتميز بجودة عالية وتصاميم عربية أصيلة تضيف دفء وأناقة للمنزل.', 'https://picsum.photos/800/600?random=2', '', '4f62b185-dcac-448d-847c-413f5ef64627', 350.1211082176267, 'Textiles', '2025-12-01T19:23:03.631Z', '2025-12-01T19:23:03.631Z'),
('bfd4709a-3c3f-48ed-b556-e25c8c1637dd', 'طقم شاي نحاسي', 'طقم شاي نحاسي أنيق مصنوع يدوياً بتقنيات الحرفيين المهرة. مثالي لتقديم الشاي العربي الأصيل بطريقة راقية.', 'https://picsum.photos/800/600?random=3', '', '4e624c5f-c951-48a6-9cf7-6b685259793a', 265.5818587012143, 'Metalwork', '2025-12-01T19:23:03.632Z', '2025-12-01T19:23:03.632Z'),
('c4b24bcd-aea2-4702-aaed-8abba356bd60', 'مصباح زجاجي ملون', 'مصباح زجاجي ملون بتصميم فني رائع. يضفي إضاءة دافئة وجميلة مع لمسة عربية أصيلة.', 'https://picsum.photos/800/600?random=4', '', '4e624c5f-c951-48a6-9cf7-6b685259793a', 140.3669844112686, 'Glass', '2025-12-01T19:23:03.632Z', '2025-12-01T19:23:03.632Z'),
('bcaa5c11-99d3-4dc1-bf9c-b3a9ea380b0d', 'صندوق خشبي منحوت', 'صندوق خشبي منحوت يدوياً بتصاميم عربية تقليدية. مثالي لحفظ المجوهرات والتحف الثمينة.', 'https://picsum.photos/800/600?random=5', '', '824b418b-fd28-41a2-9cdb-383fac0bf0d7', 97.58125880856599, 'Woodwork', '2025-12-01T19:23:03.633Z', '2025-12-01T19:23:03.633Z'),
('4389189e-7a24-40e2-9262-4ebe5a15fd36', 'وسادة مطرزة بالحرير', 'وسادة فاخرة مطرزة بالحرير بتصاميم عربية تقليدية. تضيف لمسة فاخرة وأناقة للديكور الداخلي.', 'https://picsum.photos/800/600?random=6', '', '824b418b-fd28-41a2-9cdb-383fac0bf0d7', 156.8139460534885, 'Textiles', '2025-12-01T19:23:03.634Z', '2025-12-01T19:23:03.634Z'),
('ba22455d-28e2-49ca-a62b-38b6e86d30f7', 'إبريق فخاري تقليدي', 'إبريق فخاري مصنوع يدوياً بتقنيات تقليدية. يحافظ على برودة الماء بشكل طبيعي ومثالي للاستخدام اليومي.', 'https://picsum.photos/800/600?random=7', '', '6eabf360-c0aa-489d-ad30-c030c52a9ed7', 68.07177236660812, 'Pottery', '2025-12-01T19:23:03.634Z', '2025-12-01T19:23:03.634Z'),
('138debfb-7a3e-4c3f-99da-223aa25dd73a', 'سلة خيزران يدوية', 'سلة خيزران أنيقة مصنوعة يدوياً. متعددة الاستخدامات وتضيف لمسة طبيعية للمنزل.', 'https://picsum.photos/800/600?random=8', '', '60ea56f2-a4df-4cdf-b40c-cc18f2009442', 40.15468035806001, 'Bamboo', '2025-12-01T19:23:03.635Z', '2025-12-01T19:23:03.635Z'),
('f6227e57-31b6-4d32-a615-cbbe8ffd2de0', 'قلادة فضية منقوشة', 'قلادة فضية فاخرة منقوشة بتصاميم عربية تقليدية. قطعة فريدة تضيف أناقة وتميز.', 'https://picsum.photos/800/600?random=9', '', '1d97b288-ba96-464d-84cc-11bf347d73d9', 228.1893268157934, 'Jewelry', '2025-12-01T19:23:03.635Z', '2025-12-01T19:23:03.635Z'),
('45fa37c9-1a12-4915-a273-7666abaf0e7b', 'طبق نحاسي مزخرف', 'طبق نحاسي مزخرف بتصاميم عربية أصيلة. مثالي لتقديم الطعام بطريقة راقية وأنيقة.', 'https://picsum.photos/800/600?random=10', '', 'def7985f-f75f-4e1e-96c5-c13eb3e6a25d', 120.6704518819209, 'Metalwork', '2025-12-01T19:23:03.636Z', '2025-12-01T19:23:03.636Z'),
('269c745a-5823-43da-8cfd-614eb7bed797', 'Traditional Ceramic Vase', 'Traditional Ceramic Vase - Beautiful handmade ceramics crafted with traditional techniques.', 'https://picsum.photos/800/600?random=11', '', 'd047e84f-ef11-4ad9-8ed7-3dfad034501a', 173.1776243858008, 'Ceramics', '2025-12-01T19:23:03.636Z', '2025-12-01T19:23:03.636Z'),
('ab16291e-71db-4c76-957f-8c8182770336', 'Silk Scarf', 'Silk Scarf - Beautiful handmade textiles crafted with traditional techniques.', 'https://picsum.photos/800/600?random=12', '', 'f60266d4-f8ed-420f-ab10-a5b9d153f32c', 102.5763679746073, 'Textiles', '2025-12-01T19:23:03.636Z', '2025-12-01T19:23:03.636Z'),
('24d230fb-8588-472c-b992-8db36d5f8e3b', 'Bamboo Woven Basket', 'Bamboo Woven Basket - Beautiful handmade bamboo crafted with traditional techniques.', 'https://picsum.photos/800/600?random=13', '', 'fd58785a-9177-41ff-8a9a-2356f3471570', 52.88510326690944, 'Bamboo', '2025-12-01T19:23:03.636Z', '2025-12-01T19:23:03.636Z'),
('1385ec18-3279-43c1-b44c-373b89c6318a', 'Handmade Tea Set', 'Handmade Tea Set - Beautiful handmade ceramics crafted with traditional techniques.', 'https://picsum.photos/800/600?random=14', '', '549c49b9-03eb-40c1-baca-ffe909bd02f7', 233.5412448738119, 'Ceramics', '2025-12-01T19:23:03.637Z', '2025-12-01T19:23:03.637Z'),
('44423a00-7167-4a1f-bd8a-d5467e989734', 'Embroidered Cushion', 'Embroidered Cushion - Beautiful handmade textiles crafted with traditional techniques.', 'https://picsum.photos/800/600?random=15', '', 'c4a990d7-c452-472d-ba8c-635efb5a085e', 161.9499901059873, 'Textiles', '2025-12-01T19:23:03.637Z', '2025-12-01T19:23:03.637Z'),
('c8b96ae4-fb06-4350-90c8-a8698924edd9', 'Jade Necklace', 'Jade Necklace - Beautiful handmade jewelry crafted with traditional techniques.', 'https://picsum.photos/800/600?random=16', '', '5bd62b03-c738-4c15-898b-aba3ac190928', 405.1446036622777, 'Jewelry', '2025-12-01T19:23:03.637Z', '2025-12-01T19:23:03.637Z'),
('2f18fe35-6f06-424e-87c0-61b1af4f781d', 'Wooden Jewelry Box', 'Wooden Jewelry Box - Beautiful handmade woodwork crafted with traditional techniques.', 'https://picsum.photos/800/600?random=17', '', '8232208b-601c-4ee2-a71e-7fd96063425e', 129.8736258358843, 'Woodwork', '2025-12-01T19:23:03.637Z', '2025-12-01T19:23:03.637Z'),
('cc654583-53f7-4744-a9be-abe404de7f97', 'Traditional Lantern', 'Traditional Lantern - Beautiful handmade paper crafted with traditional techniques.', 'https://picsum.photos/800/600?random=18', '', 'c0906216-6a9a-47c0-b36e-32dc395f7b31', 69.59437114711173, 'Paper', '2025-12-01T19:23:03.638Z', '2025-12-01T19:23:03.638Z'),
('4819da9e-ba0d-4442-995f-05d274f39390', 'Handmade Leather Bag', 'Handmade Leather Bag - Beautiful handmade leather crafted with traditional techniques.', 'https://picsum.photos/800/600?random=19', '', '9d23a062-c65a-47d0-bb3a-0ce8f51be118', 315.4096759458295, 'Leather', '2025-12-01T19:23:03.638Z', '2025-12-01T19:23:03.638Z'),
('2e8da921-a50e-4c16-8e21-e4e34c3ea9bc', 'Artisan Pottery Bowl', 'Artisan Pottery Bowl - Beautiful handmade pottery crafted with traditional techniques.', 'https://picsum.photos/800/600?random=20', '', '744dff1a-72f2-4f32-8ec4-ba72a9d92613', 61.47211999634571, 'Pottery', '2025-12-01T19:23:03.638Z', '2025-12-01T19:23:03.638Z'),
('c27f07a4-b323-476e-80c8-9001f4b2034e', 'Handwoven Wool Blanket', 'Handwoven Wool Blanket - Beautiful handmade textiles crafted with traditional techniques.', 'https://picsum.photos/800/600?random=21', '', '879205ff-d205-44e0-81c2-907e678bc3c2', 289.0008022124527, 'Textiles', '2025-12-01T19:23:03.638Z', '2025-12-01T19:23:03.638Z'),
('2020b6a0-7a41-469f-b95e-02ecd85e8ce4', 'Handcrafted Wooden Cutting Board', 'Handcrafted Wooden Cutting Board - Beautiful handmade woodwork crafted with traditional techniques.', 'https://picsum.photos/800/600?random=22', '', '29cb695b-3250-40e7-bd8b-2e7494fe17de', 84.65255913024471, 'Woodwork', '2025-12-01T19:23:03.638Z', '2025-12-01T19:23:03.638Z'),
('8c08dc0e-d48d-4ce0-8847-70d5cac27d50', 'Artisan Ceramic Mug', 'Artisan Ceramic Mug - Beautiful handmade ceramics crafted with traditional techniques.', 'https://picsum.photos/800/600?random=23', '', '9c12694e-5c10-49cc-9cdf-592f1ac3fd47', 49.84244802655854, 'Ceramics', '2025-12-01T19:23:03.639Z', '2025-12-01T19:23:03.639Z'),
('8f8747f2-418c-45aa-bdcd-58a4b9bd0121', 'مزهرية سيراميك يدوية', 'مزهرية سيراميك فاخرة مصنوعة يدوياً بتقنيات تقليدية عريقة. تتميز بتصميم أنيق وألوان زاهية تضيف لمسة جمالية لأي مساحة.', 'https://picsum.photos/800/600?random=1', '', '4f62b185-dcac-448d-847c-413f5ef64627', 143.6433788093897, 'Ceramics', '2025-12-01T19:23:57.012Z', '2025-12-01T19:23:57.012Z'),
('b1cd31f5-3d91-4a0d-a14c-b423728ed437', 'سجادة صوفية تقليدية', 'سجادة صوفية فاخرة منسوجة يدوياً بطرق تقليدية. تتميز بجودة عالية وتصاميم عربية أصيلة تضيف دفء وأناقة للمنزل.', 'https://picsum.photos/800/600?random=2', '', '4f62b185-dcac-448d-847c-413f5ef64627', 349.433532427614, 'Textiles', '2025-12-01T19:23:57.013Z', '2025-12-01T19:23:57.013Z'),
('b29a9449-c0c6-4e3d-8095-b69e63322fd4', 'طقم شاي نحاسي', 'طقم شاي نحاسي أنيق مصنوع يدوياً بتقنيات الحرفيين المهرة. مثالي لتقديم الشاي العربي الأصيل بطريقة راقية.', 'https://picsum.photos/800/600?random=3', '', '4f62b185-dcac-448d-847c-413f5ef64627', 275.7254799406829, 'Metalwork', '2025-12-01T19:23:57.013Z', '2025-12-01T19:23:57.013Z'),
('00134e20-fc64-4863-bc23-060e2cdd5ad5', 'مزهرية سيراميك يدوية', 'مزهرية سيراميك فاخرة مصنوعة يدوياً بتقنيات تقليدية عريقة. تتميز بتصميم أنيق وألوان زاهية تضيف لمسة جمالية لأي مساحة.', 'https://picsum.photos/800/600?random=4', '', '4e624c5f-c951-48a6-9cf7-6b685259793a', 134.9017568828738, 'Ceramics', '2025-12-01T19:23:57.014Z', '2025-12-01T19:23:57.014Z'),
('dcd8fbef-748d-410d-b8eb-9c58b6b22e75', 'سجادة صوفية تقليدية', 'سجادة صوفية فاخرة منسوجة يدوياً بطرق تقليدية. تتميز بجودة عالية وتصاميم عربية أصيلة تضيف دفء وأناقة للمنزل.', 'https://picsum.photos/800/600?random=5', '', '4e624c5f-c951-48a6-9cf7-6b685259793a', 372.0827188370293, 'Textiles', '2025-12-01T19:23:57.014Z', '2025-12-01T19:23:57.014Z'),
('aa5c81ac-fcc4-44fe-9a70-3dddafb97d24', 'طقم شاي نحاسي', 'طقم شاي نحاسي أنيق مصنوع يدوياً بتقنيات الحرفيين المهرة. مثالي لتقديم الشاي العربي الأصيل بطريقة راقية.', 'https://picsum.photos/800/600?random=6', '', '4e624c5f-c951-48a6-9cf7-6b685259793a', 304.0257879429167, 'Metalwork', '2025-12-01T19:23:57.015Z', '2025-12-01T19:23:57.015Z'),
('2ba16fe9-121d-4258-832a-fdaf5efa0153', 'Traditional Wool Rug', 'Traditional Wool Rug - Beautiful handmade textiles crafted with traditional techniques.', 'https://picsum.photos/800/600?random=29', '', 'fd58785a-9177-41ff-8a9a-2356f3471570', 327.2915868185808, 'Textiles', '2025-12-01T19:23:57.022Z', '2025-12-01T19:23:57.022Z'),
('25ad70e6-d374-48be-a923-cd377ca9af91', 'مزهرية سيراميك يدوية', 'مزهرية سيراميك فاخرة مصنوعة يدوياً بتقنيات تقليدية عريقة. تتميز بتصميم أنيق وألوان زاهية تضيف لمسة جمالية لأي مساحة.', 'https://picsum.photos/800/600?random=7', '', '824b418b-fd28-41a2-9cdb-383fac0bf0d7', 161.1779782767472, 'Ceramics', '2025-12-01T19:23:57.015Z', '2025-12-01T19:23:57.015Z'),
('55c8076a-574f-4e7f-8eb3-5e2f2e21890f', 'سجادة صوفية تقليدية', 'سجادة صوفية فاخرة منسوجة يدوياً بطرق تقليدية. تتميز بجودة عالية وتصاميم عربية أصيلة تضيف دفء وأناقة للمنزل.', 'https://picsum.photos/800/600?random=8', '', '824b418b-fd28-41a2-9cdb-383fac0bf0d7', 349.3301536530073, 'Textiles', '2025-12-01T19:23:57.016Z', '2025-12-01T19:23:57.016Z'),
('04fc7cd9-e45f-4a8a-9a61-a0766ec406f8', 'طقم شاي نحاسي', 'طقم شاي نحاسي أنيق مصنوع يدوياً بتقنيات الحرفيين المهرة. مثالي لتقديم الشاي العربي الأصيل بطريقة راقية.', 'https://picsum.photos/800/600?random=9', '', '824b418b-fd28-41a2-9cdb-383fac0bf0d7', 294.0368439711029, 'Metalwork', '2025-12-01T19:23:57.016Z', '2025-12-01T19:23:57.016Z'),
('ae7dee5f-22d9-459d-b964-dc15abd07289', 'مزهرية سيراميك يدوية', 'مزهرية سيراميك فاخرة مصنوعة يدوياً بتقنيات تقليدية عريقة. تتميز بتصميم أنيق وألوان زاهية تضيف لمسة جمالية لأي مساحة.', 'https://picsum.photos/800/600?random=10', '', '6eabf360-c0aa-489d-ad30-c030c52a9ed7', 162.6755774847628, 'Ceramics', '2025-12-01T19:23:57.017Z', '2025-12-01T19:23:57.017Z'),
('22706ab4-d4a5-496a-82a7-118fd765569f', 'سجادة صوفية تقليدية', 'سجادة صوفية فاخرة منسوجة يدوياً بطرق تقليدية. تتميز بجودة عالية وتصاميم عربية أصيلة تضيف دفء وأناقة للمنزل.', 'https://picsum.photos/800/600?random=11', '', '6eabf360-c0aa-489d-ad30-c030c52a9ed7', 343.241752789365, 'Textiles', '2025-12-01T19:23:57.017Z', '2025-12-01T19:23:57.017Z'),
('e5dce70e-828f-48bb-9231-5414ec1ed456', 'طقم شاي نحاسي', 'طقم شاي نحاسي أنيق مصنوع يدوياً بتقنيات الحرفيين المهرة. مثالي لتقديم الشاي العربي الأصيل بطريقة راقية.', 'https://picsum.photos/800/600?random=12', '', '6eabf360-c0aa-489d-ad30-c030c52a9ed7', 277.723579212515, 'Metalwork', '2025-12-01T19:23:57.017Z', '2025-12-01T19:23:57.017Z'),
('6d2a8592-bf8c-4930-988c-e7f8bb39bb0b', 'مزهرية سيراميك يدوية', 'مزهرية سيراميك فاخرة مصنوعة يدوياً بتقنيات تقليدية عريقة. تتميز بتصميم أنيق وألوان زاهية تضيف لمسة جمالية لأي مساحة.', 'https://picsum.photos/800/600?random=13', '', '60ea56f2-a4df-4cdf-b40c-cc18f2009442', 170.8773548458274, 'Ceramics', '2025-12-01T19:23:57.018Z', '2025-12-01T19:23:57.018Z'),
('6cafb030-9ea6-4ce9-9fe5-637ad88342a3', 'سجادة صوفية تقليدية', 'سجادة صوفية فاخرة منسوجة يدوياً بطرق تقليدية. تتميز بجودة عالية وتصاميم عربية أصيلة تضيف دفء وأناقة للمنزل.', 'https://picsum.photos/800/600?random=14', '', '60ea56f2-a4df-4cdf-b40c-cc18f2009442', 334.134975451132, 'Textiles', '2025-12-01T19:23:57.018Z', '2025-12-01T19:23:57.018Z'),
('55efd5ef-4f6d-4037-a822-30bc4d78da3a', 'طقم شاي نحاسي', 'طقم شاي نحاسي أنيق مصنوع يدوياً بتقنيات الحرفيين المهرة. مثالي لتقديم الشاي العربي الأصيل بطريقة راقية.', 'https://picsum.photos/800/600?random=15', '', '60ea56f2-a4df-4cdf-b40c-cc18f2009442', 292.51049672978, 'Metalwork', '2025-12-01T19:23:57.018Z', '2025-12-01T19:23:57.018Z'),
('3f0bb8be-6e5d-4a49-935c-c03cac662d20', 'مزهرية سيراميك يدوية', 'مزهرية سيراميك فاخرة مصنوعة يدوياً بتقنيات تقليدية عريقة. تتميز بتصميم أنيق وألوان زاهية تضيف لمسة جمالية لأي مساحة.', 'https://picsum.photos/800/600?random=16', '', '1d97b288-ba96-464d-84cc-11bf347d73d9', 146.9249156781061, 'Ceramics', '2025-12-01T19:23:57.018Z', '2025-12-01T19:23:57.018Z'),
('94381cbb-3ca1-4206-83c9-74463e2f94de', 'سجادة صوفية تقليدية', 'سجادة صوفية فاخرة منسوجة يدوياً بطرق تقليدية. تتميز بجودة عالية وتصاميم عربية أصيلة تضيف دفء وأناقة للمنزل.', 'https://picsum.photos/800/600?random=17', '', '1d97b288-ba96-464d-84cc-11bf347d73d9', 334.4984642268079, 'Textiles', '2025-12-01T19:23:57.019Z', '2025-12-01T19:23:57.019Z'),
('9fd9f8b0-017f-4c64-ae67-73bb02d419ff', 'طقم شاي نحاسي', 'طقم شاي نحاسي أنيق مصنوع يدوياً بتقنيات الحرفيين المهرة. مثالي لتقديم الشاي العربي الأصيل بطريقة راقية.', 'https://picsum.photos/800/600?random=18', '', '1d97b288-ba96-464d-84cc-11bf347d73d9', 293.5984822061374, 'Metalwork', '2025-12-01T19:23:57.019Z', '2025-12-01T19:23:57.019Z'),
('e6afaa34-a7dc-4d26-8dbf-9b6609957800', 'مزهرية سيراميك يدوية', 'مزهرية سيراميك فاخرة مصنوعة يدوياً بتقنيات تقليدية عريقة. تتميز بتصميم أنيق وألوان زاهية تضيف لمسة جمالية لأي مساحة.', 'https://picsum.photos/800/600?random=19', '', 'def7985f-f75f-4e1e-96c5-c13eb3e6a25d', 164.6749176896352, 'Ceramics', '2025-12-01T19:23:57.019Z', '2025-12-01T19:23:57.019Z'),
('1ad990c3-2fd8-4e4d-b13e-5a3c771c0c26', 'سجادة صوفية تقليدية', 'سجادة صوفية فاخرة منسوجة يدوياً بطرق تقليدية. تتميز بجودة عالية وتصاميم عربية أصيلة تضيف دفء وأناقة للمنزل.', 'https://picsum.photos/800/600?random=20', '', 'def7985f-f75f-4e1e-96c5-c13eb3e6a25d', 346.2837405782857, 'Textiles', '2025-12-01T19:23:57.019Z', '2025-12-01T19:23:57.019Z'),
('8cf182cb-c4c8-49b4-8938-8d25df472841', 'طقم شاي نحاسي', 'طقم شاي نحاسي أنيق مصنوع يدوياً بتقنيات الحرفيين المهرة. مثالي لتقديم الشاي العربي الأصيل بطريقة راقية.', 'https://picsum.photos/800/600?random=21', '', 'def7985f-f75f-4e1e-96c5-c13eb3e6a25d', 267.9424398093123, 'Metalwork', '2025-12-01T19:23:57.020Z', '2025-12-01T19:23:57.020Z'),
('4a319508-847b-4cce-8449-85380091005d', 'Handmade Ceramic Vase', 'Handmade Ceramic Vase - Beautiful handmade ceramics crafted with traditional techniques.', 'https://picsum.photos/800/600?random=22', '', 'd047e84f-ef11-4ad9-8ed7-3dfad034501a', 160.7474642539088, 'Ceramics', '2025-12-01T19:23:57.020Z', '2025-12-01T19:23:57.020Z'),
('cf1d9d04-cff8-48c4-81ae-45c478d2f1e0', 'Traditional Wool Rug', 'Traditional Wool Rug - Beautiful handmade textiles crafted with traditional techniques.', 'https://picsum.photos/800/600?random=23', '', 'd047e84f-ef11-4ad9-8ed7-3dfad034501a', 349.3233105482488, 'Textiles', '2025-12-01T19:23:57.020Z', '2025-12-01T19:23:57.020Z'),
('7a126b78-5d70-4225-9e6b-672929d0471f', 'Copper Tea Set', 'Copper Tea Set - Beautiful handmade metalwork crafted with traditional techniques.', 'https://picsum.photos/800/600?random=24', '', 'd047e84f-ef11-4ad9-8ed7-3dfad034501a', 261.9275379592165, 'Metalwork', '2025-12-01T19:23:57.020Z', '2025-12-01T19:23:57.020Z'),
('58acb13d-4050-4d54-8012-fdfcf2996e85', 'Handmade Ceramic Vase', 'Handmade Ceramic Vase - Beautiful handmade ceramics crafted with traditional techniques.', 'https://picsum.photos/800/600?random=25', '', 'f60266d4-f8ed-420f-ab10-a5b9d153f32c', 137.4416679304166, 'Ceramics', '2025-12-01T19:23:57.021Z', '2025-12-01T19:23:57.021Z'),
('e5ebb7e8-f386-42e4-b74d-57d49d1ae9a2', 'Traditional Wool Rug', 'Traditional Wool Rug - Beautiful handmade textiles crafted with traditional techniques.', 'https://picsum.photos/800/600?random=26', '', 'f60266d4-f8ed-420f-ab10-a5b9d153f32c', 355.4133447273877, 'Textiles', '2025-12-01T19:23:57.021Z', '2025-12-01T19:23:57.021Z'),
('4b9cfc8d-fef6-44e3-ac92-699bc709c9e1', 'Copper Tea Set', 'Copper Tea Set - Beautiful handmade metalwork crafted with traditional techniques.', 'https://picsum.photos/800/600?random=27', '', 'f60266d4-f8ed-420f-ab10-a5b9d153f32c', 285.8038870999052, 'Metalwork', '2025-12-01T19:23:57.021Z', '2025-12-01T19:23:57.021Z'),
('e337d74a-02ba-414b-9e73-c1ff3b566f2c', 'Copper Tea Set', 'Copper Tea Set - Beautiful handmade metalwork crafted with traditional techniques.', 'https://picsum.photos/800/600?random=30', '', 'fd58785a-9177-41ff-8a9a-2356f3471570', 293.8036414435646, 'Metalwork', '2025-12-01T19:23:57.022Z', '2025-12-01T19:23:57.022Z'),
('c67c103c-0f42-49e3-ad91-1b3beb93bce9', 'Handmade Ceramic Vase', 'Handmade Ceramic Vase - Beautiful handmade ceramics crafted with traditional techniques.', 'https://picsum.photos/800/600?random=31', '', '549c49b9-03eb-40c1-baca-ffe909bd02f7', 135.5797850139609, 'Ceramics', '2025-12-01T19:23:57.023Z', '2025-12-01T19:23:57.023Z'),
('81359bf0-c8bd-4479-bebf-1dca60c4764f', 'Traditional Wool Rug', 'Traditional Wool Rug - Beautiful handmade textiles crafted with traditional techniques.', 'https://picsum.photos/800/600?random=32', '', '549c49b9-03eb-40c1-baca-ffe909bd02f7', 364.2511088219897, 'Textiles', '2025-12-01T19:23:57.023Z', '2025-12-01T19:23:57.023Z'),
('fbf38e52-860e-4c2c-b732-6860979ce0a3', 'Copper Tea Set', 'Copper Tea Set - Beautiful handmade metalwork crafted with traditional techniques.', 'https://picsum.photos/800/600?random=33', '', '549c49b9-03eb-40c1-baca-ffe909bd02f7', 285.0687995709648, 'Metalwork', '2025-12-01T19:23:57.023Z', '2025-12-01T19:23:57.023Z'),
('96ac29e8-fe1f-4a96-b5c9-5a5841b011a9', 'Handmade Ceramic Vase', 'Handmade Ceramic Vase - Beautiful handmade ceramics crafted with traditional techniques.', 'https://picsum.photos/800/600?random=34', '', 'c4a990d7-c452-472d-ba8c-635efb5a085e', 149.3596479088246, 'Ceramics', '2025-12-01T19:23:57.024Z', '2025-12-01T19:23:57.024Z'),
('3d6e8daf-fd8d-43ef-af02-a2b62877ab5a', 'Traditional Wool Rug', 'Traditional Wool Rug - Beautiful handmade textiles crafted with traditional techniques.', 'https://picsum.photos/800/600?random=35', '', 'c4a990d7-c452-472d-ba8c-635efb5a085e', 345.9375777617119, 'Textiles', '2025-12-01T19:23:57.024Z', '2025-12-01T19:23:57.024Z'),
('1ffd59e6-c53b-4cbb-85dc-93f4df20d014', 'Copper Tea Set', 'Copper Tea Set - Beautiful handmade metalwork crafted with traditional techniques.', 'https://picsum.photos/800/600?random=36', '', 'c4a990d7-c452-472d-ba8c-635efb5a085e', 282.9433754211493, 'Metalwork', '2025-12-01T19:23:57.024Z', '2025-12-01T19:23:57.024Z'),
('6346b986-829c-43c0-873b-4abc0232a8dc', 'Handmade Ceramic Vase', 'Handmade Ceramic Vase - Beautiful handmade ceramics crafted with traditional techniques.', 'https://picsum.photos/800/600?random=37', '', '5bd62b03-c738-4c15-898b-aba3ac190928', 165.958566151884, 'Ceramics', '2025-12-01T19:23:57.025Z', '2025-12-01T19:23:57.025Z'),
('77c9f4a2-a68f-4125-ae04-1ab19f6898b1', 'Traditional Wool Rug', 'Traditional Wool Rug - Beautiful handmade textiles crafted with traditional techniques.', 'https://picsum.photos/800/600?random=38', '', '5bd62b03-c738-4c15-898b-aba3ac190928', 353.4840826860747, 'Textiles', '2025-12-01T19:23:57.025Z', '2025-12-01T19:23:57.025Z'),
('d2c8dda4-56f8-47ac-9187-7d952bc2a15c', 'Copper Tea Set', 'Copper Tea Set - Beautiful handmade metalwork crafted with traditional techniques.', 'https://picsum.photos/800/600?random=39', '', '5bd62b03-c738-4c15-898b-aba3ac190928', 274.1764958044845, 'Metalwork', '2025-12-01T19:23:57.025Z', '2025-12-01T19:23:57.025Z'),
('ddc8dddf-808d-4567-a59e-776f0d4b2def', 'Handmade Ceramic Vase', 'Handmade Ceramic Vase - Beautiful handmade ceramics crafted with traditional techniques.', 'https://picsum.photos/800/600?random=40', '', '8232208b-601c-4ee2-a71e-7fd96063425e', 151.9580874848328, 'Ceramics', '2025-12-01T19:23:57.026Z', '2025-12-01T19:23:57.026Z'),
('5979aed1-276a-4c79-92ff-6fd9cdfdfecf', 'Traditional Wool Rug', 'Traditional Wool Rug - Beautiful handmade textiles crafted with traditional techniques.', 'https://picsum.photos/800/600?random=41', '', '8232208b-601c-4ee2-a71e-7fd96063425e', 368.8454060601485, 'Textiles', '2025-12-01T19:23:57.026Z', '2025-12-01T19:23:57.026Z'),
('02740732-4b89-411c-8a10-2df9b22daadd', 'Copper Tea Set', 'Copper Tea Set - Beautiful handmade metalwork crafted with traditional techniques.', 'https://picsum.photos/800/600?random=42', '', '8232208b-601c-4ee2-a71e-7fd96063425e', 272.9820820424926, 'Metalwork', '2025-12-01T19:23:57.026Z', '2025-12-01T19:23:57.026Z'),
('6d335bfb-6764-4179-b6ba-8d6826bae650', 'Handmade Ceramic Vase', 'Handmade Ceramic Vase - Beautiful handmade ceramics crafted with traditional techniques.', 'https://picsum.photos/800/600?random=43', '', 'c0906216-6a9a-47c0-b36e-32dc395f7b31', 135.8054118089879, 'Ceramics', '2025-12-01T19:23:57.026Z', '2025-12-01T19:23:57.026Z'),
('218fecf6-2833-4a88-b41a-f9d7e82cfca9', 'Traditional Wool Rug', 'Traditional Wool Rug - Beautiful handmade textiles crafted with traditional techniques.', 'https://picsum.photos/800/600?random=44', '', 'c0906216-6a9a-47c0-b36e-32dc395f7b31', 341.7434690653695, 'Textiles', '2025-12-01T19:23:57.027Z', '2025-12-01T19:23:57.027Z'),
('9498470a-9e72-4e27-84d8-c43cb26ff6e7', 'Copper Tea Set', 'Copper Tea Set - Beautiful handmade metalwork crafted with traditional techniques.', 'https://picsum.photos/800/600?random=45', '', 'c0906216-6a9a-47c0-b36e-32dc395f7b31', 280.8493401937636, 'Metalwork', '2025-12-01T19:23:57.027Z', '2025-12-01T19:23:57.027Z'),
('4588a706-0a55-42f0-b2db-ae64329c6c74', 'Handmade Ceramic Vase', 'Handmade Ceramic Vase - Beautiful handmade ceramics crafted with traditional techniques.', 'https://picsum.photos/800/600?random=46', '', '9d23a062-c65a-47d0-bb3a-0ce8f51be118', 145.4251982527238, 'Ceramics', '2025-12-01T19:23:57.027Z', '2025-12-01T19:23:57.027Z'),
('ac0004b4-5b2f-4e15-a7f9-551c14245ad9', 'Traditional Wool Rug', 'Traditional Wool Rug - Beautiful handmade textiles crafted with traditional techniques.', 'https://picsum.photos/800/600?random=47', '', '9d23a062-c65a-47d0-bb3a-0ce8f51be118', 348.5562506353052, 'Textiles', '2025-12-01T19:23:57.028Z', '2025-12-01T19:23:57.028Z'),
('8ebf301c-dea3-4c30-9382-372f0eeb738d', 'Copper Tea Set', 'Copper Tea Set - Beautiful handmade metalwork crafted with traditional techniques.', 'https://picsum.photos/800/600?random=48', '', '9d23a062-c65a-47d0-bb3a-0ce8f51be118', 269.3842010751248, 'Metalwork', '2025-12-01T19:23:57.028Z', '2025-12-01T19:23:57.028Z'),
('23a925e0-7805-42e5-875c-beec99b8fa2d', 'Handmade Ceramic Vase', 'Handmade Ceramic Vase - Beautiful handmade ceramics crafted with traditional techniques.', 'https://picsum.photos/800/600?random=49', '', '744dff1a-72f2-4f32-8ec4-ba72a9d92613', 155.2434730139146, 'Ceramics', '2025-12-01T19:23:57.028Z', '2025-12-01T19:23:57.028Z'),
('ea4311c8-ddb1-48f7-a7cc-975037b3e40c', 'Traditional Wool Rug', 'Traditional Wool Rug - Beautiful handmade textiles crafted with traditional techniques.', 'https://picsum.photos/800/600?random=50', '', '744dff1a-72f2-4f32-8ec4-ba72a9d92613', 367.2823849106229, 'Textiles', '2025-12-01T19:23:57.028Z', '2025-12-01T19:23:57.028Z'),
('64984f3d-0edc-4d11-83c7-87e5b05f2c0a', 'Copper Tea Set', 'Copper Tea Set - Beautiful handmade metalwork crafted with traditional techniques.', 'https://picsum.photos/800/600?random=51', '', '744dff1a-72f2-4f32-8ec4-ba72a9d92613', 270.8808497327781, 'Metalwork', '2025-12-01T19:23:57.028Z', '2025-12-01T19:23:57.028Z'),
('e15f5f90-6f97-4c18-80f5-29f87fb0b522', 'Handmade Ceramic Vase', 'Handmade Ceramic Vase - Beautiful handmade ceramics crafted with traditional techniques.', 'https://picsum.photos/800/600?random=52', '', '879205ff-d205-44e0-81c2-907e678bc3c2', 162.3215300595535, 'Ceramics', '2025-12-01T19:23:57.029Z', '2025-12-01T19:23:57.029Z'),
('52381502-0527-4582-95c8-962569804e4d', 'Traditional Wool Rug', 'Traditional Wool Rug - Beautiful handmade textiles crafted with traditional techniques.', 'https://picsum.photos/800/600?random=53', '', '879205ff-d205-44e0-81c2-907e678bc3c2', 363.0499356362438, 'Textiles', '2025-12-01T19:23:57.029Z', '2025-12-01T19:23:57.029Z'),
('8a40b9fb-9d94-4572-811e-2d6d9d030813', 'Copper Tea Set', 'Copper Tea Set - Beautiful handmade metalwork crafted with traditional techniques.', 'https://picsum.photos/800/600?random=54', '', '879205ff-d205-44e0-81c2-907e678bc3c2', 293.6978737960077, 'Metalwork', '2025-12-01T19:23:57.029Z', '2025-12-01T19:23:57.029Z'),
('4cbb0b25-1ff7-47a0-a532-9a6bde4897eb', 'Handmade Ceramic Vase', 'Handmade Ceramic Vase - Beautiful handmade ceramics crafted with traditional techniques.', 'https://picsum.photos/800/600?random=55', '', '29cb695b-3250-40e7-bd8b-2e7494fe17de', 155.6057465833193, 'Ceramics', '2025-12-01T19:23:57.029Z', '2025-12-01T19:23:57.029Z'),
('bf2a5a89-0163-446e-a8b0-d5bc4e29b1fd', 'Traditional Wool Rug', 'Traditional Wool Rug - Beautiful handmade textiles crafted with traditional techniques.', 'https://picsum.photos/800/600?random=56', '', '29cb695b-3250-40e7-bd8b-2e7494fe17de', 365.666208994048, 'Textiles', '2025-12-01T19:23:57.030Z', '2025-12-01T19:23:57.030Z'),
('25f64325-e6be-4832-97db-02dba1b75c33', 'Copper Tea Set', 'Copper Tea Set - Beautiful handmade metalwork crafted with traditional techniques.', 'https://picsum.photos/800/600?random=57', '', '29cb695b-3250-40e7-bd8b-2e7494fe17de', 265.81535368782, 'Metalwork', '2025-12-01T19:23:57.030Z', '2025-12-01T19:23:57.030Z');

-- Table: videos (23 records)
TRUNCATE TABLE videos CASCADE;
INSERT INTO videos (id, user_id, title, description, video_url, thumbnail_url, duration, type, views, likes, created_at, updated_at) VALUES
('8078951d-d747-4eea-82cd-acb5418c49dd', 'bee7163b-58b1-4a8a-bcd6-aaa1bfd67cdd', '有趣的短视频 #1', '这是一个非常有趣的短视频，希望大家喜欢！', 'https://commondatastorage.googleapis.com/gtv-videos-bucket/sample/BigBuckBunny.mp4', 'https://picsum.photos/640/360?random=1', 45, 'short', 40, 54, '2025-11-18T15:33:31.167Z', '2025-11-18T15:33:31.167Z'),
('aca5ad36-fb13-48e3-8bf0-181cc20a0706', '8f9c678d-f5cb-4884-96c6-c66d37cae04c', '生活小技巧分享', '分享一个实用的生活小技巧，对大家很有帮助。', 'https://commondatastorage.googleapis.com/gtv-videos-bucket/sample/BigBuckBunny.mp4', 'https://picsum.photos/640/360?random=2', 60, 'short', 9492, 333, '2025-11-18T15:33:31.171Z', '2025-11-18T15:33:31.171Z'),
('40ffca02-f22a-4aaf-b312-6e433f0763ee', '5ee0a583-3f50-4831-ab58-4051b3a281aa', '美食制作教程', '今天教大家做一道简单又美味的菜。', 'https://commondatastorage.googleapis.com/gtv-videos-bucket/sample/BigBuckBunny.mp4', 'https://picsum.photos/640/360?random=3', 77, 'short', 3155, 139, '2025-11-18T15:33:31.172Z', '2025-11-18T15:33:31.172Z'),
('1acb7cd3-ca55-4adf-b7a3-9cfa724cff3f', '1cb09b3d-3e0c-44b6-899c-744a134fe0df', '旅行见闻', '记录一次难忘的旅行经历。', 'https://commondatastorage.googleapis.com/gtv-videos-bucket/sample/BigBuckBunny.mp4', 'https://picsum.photos/640/360?random=4', 36, 'short', 4302, 246, '2025-11-18T15:33:31.172Z', '2025-11-18T15:33:31.172Z'),
('6820e3f4-ff51-4b34-a5b0-63052574ca43', '4c819c6c-f0b0-4e1d-8393-2a64359a4b9b', '搞笑瞬间', '生活中的搞笑瞬间，让人忍俊不禁。', 'https://commondatastorage.googleapis.com/gtv-videos-bucket/sample/BigBuckBunny.mp4', 'https://picsum.photos/640/360?random=5', 51, 'short', 3832, 209, '2025-11-18T15:33:31.173Z', '2025-11-18T15:33:31.173Z'),
('591ba45c-ce46-478e-8468-6159aefd9e45', 'bee7163b-58b1-4a8a-bcd6-aaa1bfd67cdd', '手工制作过程', '展示手工制作的详细过程，简单易学。', 'https://commondatastorage.googleapis.com/gtv-videos-bucket/sample/BigBuckBunny.mp4', 'https://picsum.photos/640/360?random=6', 63, 'short', 411, 226, '2025-11-18T15:33:31.174Z', '2025-11-18T15:33:31.174Z'),
('495cd746-abd0-4ba7-86e3-fdd8f162edcf', '8f9c678d-f5cb-4884-96c6-c66d37cae04c', '日常Vlog分享', '记录一天的有趣生活，分享给大家。', 'https://commondatastorage.googleapis.com/gtv-videos-bucket/sample/BigBuckBunny.mp4', 'https://picsum.photos/640/360?random=7', 42, 'short', 6290, 480, '2025-11-18T15:33:31.174Z', '2025-11-18T15:33:31.174Z'),
('15661427-361c-42d2-af2e-c708d0e94058', '5ee0a583-3f50-4831-ab58-4051b3a281aa', '快速化妆教程', '3分钟快速化妆，适合忙碌的早晨。', 'https://commondatastorage.googleapis.com/gtv-videos-bucket/sample/BigBuckBunny.mp4', 'https://picsum.photos/640/360?random=8', 59, 'short', 4568, 470, '2025-11-18T15:33:31.175Z', '2025-11-18T15:33:31.175Z'),
('cdf7f3f2-dd94-4842-8dec-e76f453fac93', 'bee7163b-58b1-4a8a-bcd6-aaa1bfd67cdd', '完整的烹饪教程 - 如何制作宫保鸡丁', '在这个视频中，我将详细讲解如何制作正宗的宫保鸡丁，包括选材、切配、烹饪技巧等。', 'https://commondatastorage.googleapis.com/gtv-videos-bucket/sample/ElephantsDream.mp4', 'https://picsum.photos/1280/720?random=10', 2202, 'long', 32581, 1737, '2025-11-18T15:33:31.175Z', '2025-11-18T15:33:31.175Z'),
('27f754bc-f04c-45fc-9913-bf95b247ecdd', '8f9c678d-f5cb-4884-96c6-c66d37cae04c', '深度解析：中国传统文化', '深入探讨中国传统文化的精髓，了解历史背景和现代意义。', 'https://commondatastorage.googleapis.com/gtv-videos-bucket/sample/ElephantsDream.mp4', 'https://picsum.photos/1280/720?random=11', 2287, 'long', 21835, 612, '2025-11-18T15:33:31.176Z', '2025-11-18T15:33:31.176Z'),
('f0cf9efb-c457-48b3-9b7a-be2bfea14b73', '5ee0a583-3f50-4831-ab58-4051b3a281aa', '旅行vlog：探索美丽的云南', '跟随我的镜头，一起探索云南的美丽风景和独特文化。', 'https://commondatastorage.googleapis.com/gtv-videos-bucket/sample/ElephantsDream.mp4', 'https://picsum.photos/1280/720?random=12', 1040, 'long', 48824, 1010, '2025-11-18T15:33:31.176Z', '2025-11-18T15:33:31.176Z'),
('dfc081fa-3304-4870-85a9-24605b87a1ef', '1cb09b3d-3e0c-44b6-899c-744a134fe0df', '技术分享：前端开发最佳实践', '分享我在前端开发过程中总结的最佳实践和经验。', 'https://commondatastorage.googleapis.com/gtv-videos-bucket/sample/ElephantsDream.mp4', 'https://picsum.photos/1280/720?random=13', 1767, 'long', 27161, 1656, '2025-11-18T15:33:31.177Z', '2025-11-18T15:33:31.177Z'),
('d67e9b4e-c0e1-4a02-9a84-dc3338d83221', '4c819c6c-f0b0-4e1d-8393-2a64359a4b9b', '电影评论：最新热门影片', '对最新上映的热门电影进行深度评论和分析。', 'https://commondatastorage.googleapis.com/gtv-videos-bucket/sample/ElephantsDream.mp4', 'https://picsum.photos/1280/720?random=14', 738, 'long', 39380, 292, '2025-11-18T15:33:31.177Z', '2025-11-18T15:33:31.177Z'),
('4107b160-099b-410f-92ce-bb71fd53e467', 'd047e84f-ef11-4ad9-8ed7-3dfad034501a', 'كيفية صنع مزهرية سيراميك يدوية', 'شاهد عملية صنع مزهرية سيراميك فاخرة بتقنيات تقليدية عريقة', 'https://example.com/videos/4107b160-099b-410f-92ce-bb71fd53e467.mp4', 'https://picsum.photos/1280/720?random=100', 600, 'LONG', 795, 33, '2025-12-01T19:49:59.442Z', '2025-12-01T19:49:59.442Z'),
('bda56703-df79-48a0-b111-967d1c8f974c', 'f60266d4-f8ed-420f-ab10-a5b9d153f32c', 'عرض سريع: طقم شاي نحاسي', 'عرض سريع لطقم شاي نحاسي أنيق مصنوع يدوياً', 'https://example.com/videos/bda56703-df79-48a0-b111-967d1c8f974c.mp4', 'https://picsum.photos/1280/720?random=101', 60, 'SHORT', 269, 51, '2025-12-01T19:49:59.445Z', '2025-12-01T19:49:59.445Z'),
('4314d098-a2bb-4b45-8cdf-b88fd11bcc7d', 'fd58785a-9177-41ff-8a9a-2356f3471570', 'عملية نسج السجادة الصوفية', 'شاهد كيف يتم نسج السجادة الصوفية التقليدية خطوة بخطوة', 'https://example.com/videos/4314d098-a2bb-4b45-8cdf-b88fd11bcc7d.mp4', 'https://picsum.photos/1280/720?random=102', 900, 'LONG', 1073, 14, '2025-12-01T19:49:59.446Z', '2025-12-01T19:49:59.446Z'),
('6127e9fd-1e4d-4fd5-96e5-7cd3e614c908', '549c49b9-03eb-40c1-baca-ffe909bd02f7', 'درس سريع: صنع إبريق فخاري', 'درس سريع لصنع إبريق فخاري تقليدي', 'https://example.com/videos/6127e9fd-1e4d-4fd5-96e5-7cd3e614c908.mp4', 'https://picsum.photos/1280/720?random=103', 90, 'SHORT', 168, 50, '2025-12-01T19:49:59.446Z', '2025-12-01T19:49:59.446Z'),
('01dbbe82-f4a6-4b07-acd9-79f098ce6c8e', 'c4a990d7-c452-472d-ba8c-635efb5a085e', 'كواليس ورشة العمل', 'جولة في ورشة العمل لرؤية كيف يعمل الحرفيون', 'https://example.com/videos/01dbbe82-f4a6-4b07-acd9-79f098ce6c8e.mp4', 'https://picsum.photos/1280/720?random=104', 720, 'LONG', 479, 13, '2025-12-01T19:49:59.447Z', '2025-12-01T19:49:59.447Z'),
('bf1e2ec9-182c-472e-80fa-61216324d5c8', '5bd62b03-c738-4c15-898b-aba3ac190928', 'عرض المنتج: سلة خيزران', 'عرض تفصيلي لسلة خيزران يدوية الصنع', 'https://example.com/videos/bf1e2ec9-182c-472e-80fa-61216324d5c8.mp4', 'https://picsum.photos/1280/720?random=105', 45, 'SHORT', 151, 49, '2025-12-01T19:49:59.447Z', '2025-12-01T19:49:59.447Z'),
('6834b2c7-340e-4bf9-b6c0-cf400ff7b892', '8232208b-601c-4ee2-a71e-7fd96063425e', 'صنع مصباح زجاجي ملون', 'عملية كاملة لصنع مصباح زجاجي بتصميم فني', 'https://example.com/videos/6834b2c7-340e-4bf9-b6c0-cf400ff7b892.mp4', 'https://picsum.photos/1280/720?random=106', 800, 'LONG', 845, 13, '2025-12-01T19:49:59.448Z', '2025-12-01T19:49:59.448Z'),
('3b8788a2-c808-415a-9091-945baf8d9812', '4f62b185-dcac-448d-847c-413f5ef64627', 'نحت صندوق خشبي', 'شاهد عملية نحت صندوق خشبي بتصاميم عربية', 'https://example.com/videos/3b8788a2-c808-415a-9091-945baf8d9812.mp4', 'https://picsum.photos/1280/720?random=107', 120, 'SHORT', 980, 30, '2025-12-01T19:49:59.448Z', '2025-12-01T19:49:59.448Z'),
('17bc3095-12f4-480f-a8d5-f07f32b5cf23', '4e624c5f-c951-48a6-9cf7-6b685259793a', 'تطريز وسادة حريرية', 'عملية تطريز وسادة فاخرة بالحرير', 'https://example.com/videos/17bc3095-12f4-480f-a8d5-f07f32b5cf23.mp4', 'https://picsum.photos/1280/720?random=108', 650, 'LONG', 947, 39, '2025-12-01T19:49:59.449Z', '2025-12-01T19:49:59.449Z'),
('3d016d87-169c-4248-a04b-bdf407f817b7', '824b418b-fd28-41a2-9cdb-383fac0bf0d7', 'صنع قلادة فضية', 'عملية صنع قلادة فضية منقوشة يدوياً', 'https://example.com/videos/3d016d87-169c-4248-a04b-bdf407f817b7.mp4', 'https://picsum.photos/1280/720?random=109', 75, 'SHORT', 683, 44, '2025-12-01T19:49:59.449Z', '2025-12-01T19:49:59.449Z');

-- Table: orders (50 records)
TRUNCATE TABLE orders CASCADE;
INSERT INTO orders (id, user_id, status, totalAmount, shipping_address, shipping_city, shipping_country, shipping_phone, shipping_name, created_at, updated_at, stripe_id) VALUES
('b738cc7d-59f2-450e-94c4-d760fa508484', '7e0d6053-5011-4b1a-a74a-3c9554bb98f5', 'PAID', 61.47211999634571, NULL, 'City', 'Country', NULL, '7e0d6053-5011-4b1a-a74a-3c9554bb98f5', '2025-12-01T19:23:04.751Z', '2025-12-01T19:23:04.751Z', NULL),
('4efbe69e-6d62-41d5-918a-282e01f8ca5f', '4eac3e42-ce12-4b11-97d1-af77e3c4f536', 'PENDING', 810.2892073245555, NULL, 'City', 'Country', NULL, '4eac3e42-ce12-4b11-97d1-af77e3c4f536', '2025-11-30T19:23:04.755Z', '2025-12-01T19:23:04.755Z', NULL),
('2cd4a33f-8049-4f94-8c11-6328ff3223e0', '4eac3e42-ce12-4b11-97d1-af77e3c4f536', 'SHIPPED', 156.8139460534885, NULL, 'City', 'Country', NULL, '4eac3e42-ce12-4b11-97d1-af77e3c4f536', '2025-11-29T19:23:04.755Z', '2025-12-01T19:23:04.755Z', NULL),
('8e7763b5-75d4-4275-b168-17f6e0f9d12b', '4eac3e42-ce12-4b11-97d1-af77e3c4f536', 'SHIPPED', 485.8499703179619, NULL, 'City', 'Country', NULL, '4eac3e42-ce12-4b11-97d1-af77e3c4f536', '2025-11-28T19:23:04.756Z', '2025-12-01T19:23:04.756Z', NULL),
('fc5e8eb7-fd2e-40d2-9d42-9071da6b9df7', '50c424df-ec93-46a8-8469-38a9a4b3f397', 'PENDING', 259.7472516717685, NULL, 'City', 'Country', NULL, '50c424df-ec93-46a8-8469-38a9a4b3f397', '2025-11-27T19:23:04.756Z', '2025-12-01T19:23:04.756Z', NULL),
('f6bf7046-849e-47f8-b998-9fae13e46ef2', '4eac3e42-ce12-4b11-97d1-af77e3c4f536', 'PAID', 233.5412448738119, NULL, 'City', 'Country', NULL, '4eac3e42-ce12-4b11-97d1-af77e3c4f536', '2025-11-26T19:23:04.757Z', '2025-12-01T19:23:04.757Z', NULL),
('b65e3c4d-1621-43a1-856f-22c6663f709c', '50c424df-ec93-46a8-8469-38a9a4b3f397', 'PAID', 307.729103923822, NULL, 'City', 'Country', NULL, '50c424df-ec93-46a8-8469-38a9a4b3f397', '2025-11-25T19:23:04.757Z', '2025-12-01T19:23:04.757Z', NULL),
('93705273-0a00-4e04-968b-35a859a19e66', 'dc409d7b-2aa3-40f9-83e8-66985391d35d', 'PENDING', 149.5273440796756, NULL, 'City', 'Country', NULL, 'dc409d7b-2aa3-40f9-83e8-66985391d35d', '2025-11-24T19:23:04.758Z', '2025-12-01T19:23:04.758Z', NULL),
('4b6f5ed1-f40a-4799-97b0-fa05ad417bb0', 'd62cd120-2df2-42f9-a786-d3109587b620', 'SHIPPED', 700.6237346214358, NULL, 'City', 'Country', NULL, 'd62cd120-2df2-42f9-a786-d3109587b620', '2025-11-23T19:23:04.758Z', '2025-12-01T19:23:04.758Z', NULL),
('c7a465ad-49a9-4669-8cd8-25fffe71d0df', '5655546b-258d-41be-bf3f-a407a0496447', 'PAID', 49.84244802655854, NULL, 'City', 'Country', NULL, '5655546b-258d-41be-bf3f-a407a0496447', '2025-11-22T19:23:04.758Z', '2025-12-01T19:23:04.758Z', NULL),
('c552be69-b063-4939-91cc-5fa08292bcb3', 'e9887336-983a-4f20-8f1e-b06122e28c23', 'SHIPPED', 161.9499901059873, NULL, 'City', 'Country', NULL, 'e9887336-983a-4f20-8f1e-b06122e28c23', '2025-11-21T19:23:04.759Z', '2025-12-01T19:23:04.759Z', NULL),
('54c6ded1-e346-4d3e-8212-dd41e5309061', 'e9887336-983a-4f20-8f1e-b06122e28c23', 'PAID', 253.9576773907341, NULL, 'City', 'Country', NULL, 'e9887336-983a-4f20-8f1e-b06122e28c23', '2025-11-20T19:23:04.759Z', '2025-12-01T19:23:04.759Z', NULL),
('dcff1ba4-e9df-4c74-bceb-5d8ddf9568e3', 'e9887336-983a-4f20-8f1e-b06122e28c23', 'SHIPPED', 84.65255913024471, NULL, 'City', 'Country', NULL, 'e9887336-983a-4f20-8f1e-b06122e28c23', '2025-11-19T19:23:04.759Z', '2025-12-01T19:23:04.759Z', NULL),
('c1ad2d3f-ecfb-48ad-b107-20fdeb0557a7', '4eac3e42-ce12-4b11-97d1-af77e3c4f536', 'DELIVERED', 204.2153170998243, NULL, 'City', 'Country', NULL, '4eac3e42-ce12-4b11-97d1-af77e3c4f536', '2025-11-18T19:23:04.760Z', '2025-12-01T19:23:04.760Z', NULL),
('5f9f0112-c88d-41cc-8163-b7f2daefb753', '1c650d71-68dc-4421-b419-f245bfce7a5c', 'PAID', 195.162517617132, NULL, 'City', 'Country', NULL, '1c650d71-68dc-4421-b419-f245bfce7a5c', '2025-11-17T19:23:04.760Z', '2025-12-01T19:23:04.760Z', NULL),
('45ed5789-df1f-46b1-9d69-8565d4ae1c21', 'd62cd120-2df2-42f9-a786-d3109587b620', 'DELIVERED', 84.65255913024471, NULL, 'City', 'Country', NULL, 'd62cd120-2df2-42f9-a786-d3109587b620', '2025-11-16T19:23:04.761Z', '2025-12-01T19:23:04.761Z', NULL),
('f5ec306f-fc3f-44e7-b383-d54c340f9775', 'cc0a8985-3ceb-40d8-8932-4baa15f517d4', 'PENDING', 272.6642821941061, NULL, 'City', 'Country', NULL, 'cc0a8985-3ceb-40d8-8932-4baa15f517d4', '2025-11-15T19:23:04.761Z', '2025-12-01T19:23:04.761Z', NULL),
('d197d2d2-f2e0-4824-a801-527354e1fb6f', '1e2e4c28-1a82-4744-803a-768c99c6c6f5', 'PAID', 69.59437114711173, NULL, 'City', 'Country', NULL, '1e2e4c28-1a82-4744-803a-768c99c6c6f5', '2025-11-14T19:23:04.761Z', '2025-12-01T19:23:04.761Z', NULL),
('48dc9d60-8410-43ac-8e45-bb30389d5e95', '1c650d71-68dc-4421-b419-f245bfce7a5c', 'PAID', 195.162517617132, NULL, 'City', 'Country', NULL, '1c650d71-68dc-4421-b419-f245bfce7a5c', '2025-11-13T19:23:04.762Z', '2025-12-01T19:23:04.762Z', NULL),
('497859ee-d160-4f40-81e0-771012027c51', 'dc409d7b-2aa3-40f9-83e8-66985391d35d', 'PENDING', 97.58125880856599, NULL, 'City', 'Country', NULL, 'dc409d7b-2aa3-40f9-83e8-66985391d35d', '2025-11-12T19:23:04.762Z', '2025-12-01T19:23:04.762Z', NULL),
('3695a189-4019-455c-ae48-f617b3005b82', '77b42438-57dd-4318-aaa0-87a60be0af1d', 'DELIVERED', 346.3552487716016, NULL, 'City', 'Country', NULL, '77b42438-57dd-4318-aaa0-87a60be0af1d', '2025-11-11T19:23:04.762Z', '2025-12-01T19:23:04.762Z', NULL),
('22f19e67-4301-49ad-bf54-7ce59a3c0efd', '1e2e4c28-1a82-4744-803a-768c99c6c6f5', 'SHIPPED', 140.3669844112686, NULL, 'City', 'Country', NULL, '1e2e4c28-1a82-4744-803a-768c99c6c6f5', '2025-11-10T19:23:04.763Z', '2025-12-01T19:23:04.763Z', NULL),
('0208fb16-7ed4-4907-b0c3-d78f21659e59', 'cc0a8985-3ceb-40d8-8932-4baa15f517d4', 'PENDING', 796.7455761036429, NULL, 'City', 'Country', NULL, 'cc0a8985-3ceb-40d8-8932-4baa15f517d4', '2025-11-09T19:23:04.763Z', '2025-12-01T19:23:04.763Z', NULL),
('824c0275-b6cd-47f2-a48b-698b609eafa8', 'dc409d7b-2aa3-40f9-83e8-66985391d35d', 'SHIPPED', 272.6642821941061, NULL, 'City', 'Country', NULL, 'dc409d7b-2aa3-40f9-83e8-66985391d35d', '2025-11-08T19:23:04.764Z', '2025-12-01T19:23:04.764Z', NULL),
('facb401d-f03d-479d-b61b-1a57d911148a', '5e41bdda-3753-4958-b816-e06c51f13f53', 'SHIPPED', 467.0824897476239, NULL, 'City', 'Country', NULL, '5e41bdda-3753-4958-b816-e06c51f13f53', '2025-11-07T19:23:04.764Z', '2025-12-01T19:23:04.764Z', NULL),
('c26819e7-4700-4096-b371-64f1b3363b91', '1e2e4c28-1a82-4744-803a-768c99c6c6f5', 'SHIPPED', 483.5339348302416, NULL, 'City', 'Country', NULL, '1e2e4c28-1a82-4744-803a-768c99c6c6f5', '2025-12-01T19:23:58.165Z', '2025-12-01T19:23:58.165Z', NULL),
('7f04b0f9-cfd7-41e4-9494-f3cd01d47525', '1e2e4c28-1a82-4744-803a-768c99c6c6f5', 'SHIPPED', 486.9645901786606, NULL, 'City', 'Country', NULL, '1e2e4c28-1a82-4744-803a-768c99c6c6f5', '2025-11-30T19:23:58.166Z', '2025-12-01T19:23:58.166Z', NULL),
('ef737611-7f67-476e-b3cd-a7cce57288a9', 'd62cd120-2df2-42f9-a786-d3109587b620', 'DELIVERED', 322.3559565534944, NULL, 'City', 'Country', NULL, 'd62cd120-2df2-42f9-a786-d3109587b620', '2025-11-29T19:23:58.166Z', '2025-12-01T19:23:58.166Z', NULL),
('709d08e0-283d-4496-8853-517ef52766fa', '5655546b-258d-41be-bf3f-a407a0496447', 'PAID', 588.0736879422059, NULL, 'City', 'Country', NULL, '5655546b-258d-41be-bf3f-a407a0496447', '2025-11-28T19:23:58.167Z', '2025-12-01T19:23:58.167Z', NULL),
('f14987e3-44ae-422d-9136-986f4ad3f8ba', '7e0d6053-5011-4b1a-a74a-3c9554bb98f5', 'PAID', 728.5022176439794, NULL, 'City', 'Country', NULL, '7e0d6053-5011-4b1a-a74a-3c9554bb98f5', '2025-11-27T19:23:58.167Z', '2025-12-01T19:23:58.167Z', NULL),
('e6dddf3f-fbf6-4392-9da9-7c989d94c193', '1e2e4c28-1a82-4744-803a-768c99c6c6f5', 'DELIVERED', 497.875698455652, NULL, 'City', 'Country', NULL, '1e2e4c28-1a82-4744-803a-768c99c6c6f5', '2025-11-26T19:23:58.168Z', '2025-12-01T19:23:58.168Z', NULL),
('3e664c26-84fd-4f5e-8037-9cb7ab305b7e', '7e0d6053-5011-4b1a-a74a-3c9554bb98f5', 'DELIVERED', 668.9969284536157, NULL, 'City', 'Country', NULL, '7e0d6053-5011-4b1a-a74a-3c9554bb98f5', '2025-11-25T19:23:58.168Z', '2025-12-01T19:23:58.168Z', NULL),
('3a16dfd8-7102-44f0-83f4-d0d2262153c2', '5655546b-258d-41be-bf3f-a407a0496447', 'PENDING', 1096.998626982144, NULL, 'City', 'Country', NULL, '5655546b-258d-41be-bf3f-a407a0496447', '2025-11-24T19:23:58.168Z', '2025-12-01T19:23:58.168Z', NULL),
('7236fbcb-f75d-4745-9ba1-983337d8c7c1', 'cc0a8985-3ceb-40d8-8932-4baa15f517d4', 'DELIVERED', 430.9301364281691, NULL, 'City', 'Country', NULL, 'cc0a8985-3ceb-40d8-8932-4baa15f517d4', '2025-11-23T19:23:58.169Z', '2025-12-01T19:23:58.169Z', NULL),
('41c7ba27-657c-4543-9716-acc76252f80b', '4eac3e42-ce12-4b11-97d1-af77e3c4f536', 'PENDING', 275.7254799406829, NULL, 'City', 'Country', NULL, '4eac3e42-ce12-4b11-97d1-af77e3c4f536', '2025-11-22T19:23:58.169Z', '2025-12-01T19:23:58.169Z', NULL),
('f2798ca7-696a-4516-9565-f55a9d767188', 'dc409d7b-2aa3-40f9-83e8-66985391d35d', 'SHIPPED', 155.2434730139146, NULL, 'City', 'Country', NULL, 'dc409d7b-2aa3-40f9-83e8-66985391d35d', '2025-11-21T19:23:58.169Z', '2025-12-01T19:23:58.169Z', NULL),
('43091864-f139-455d-ab42-1e717c5513de', 'dc409d7b-2aa3-40f9-83e8-66985391d35d', 'SHIPPED', 343.241752789365, NULL, 'City', 'Country', NULL, 'dc409d7b-2aa3-40f9-83e8-66985391d35d', '2025-11-20T19:23:58.170Z', '2025-12-01T19:23:58.170Z', NULL),
('207a97ba-d889-4a5b-9610-7b9eaf275f0f', 'd62cd120-2df2-42f9-a786-d3109587b620', 'PAID', 486.9645901786606, NULL, 'City', 'Country', NULL, 'd62cd120-2df2-42f9-a786-d3109587b620', '2025-11-19T19:23:58.170Z', '2025-12-01T19:23:58.170Z', NULL),
('26e612dc-a4ae-4be0-a815-5bdbaabffc7f', 'dc409d7b-2aa3-40f9-83e8-66985391d35d', 'DELIVERED', 298.7192958176492, NULL, 'City', 'Country', NULL, 'dc409d7b-2aa3-40f9-83e8-66985391d35d', '2025-11-18T19:23:58.170Z', '2025-12-01T19:23:58.170Z', NULL),
('19d018e7-de24-4313-8ce2-d9ebdcbf314e', '5e41bdda-3753-4958-b816-e06c51f13f53', 'DELIVERED', 151.9580874848328, NULL, 'City', 'Country', NULL, '5e41bdda-3753-4958-b816-e06c51f13f53', '2025-11-17T19:23:58.171Z', '2025-12-01T19:23:58.171Z', NULL),
('2482c50c-ded2-497c-ab29-0cd001f3cc74', 'cc0a8985-3ceb-40d8-8932-4baa15f517d4', 'PENDING', 1037.812733285136, NULL, 'City', 'Country', NULL, 'cc0a8985-3ceb-40d8-8932-4baa15f517d4', '2025-11-16T19:23:58.171Z', '2025-12-01T19:23:58.171Z', NULL),
('1ac4341f-b50a-4a35-8831-53bd06bd6005', 'cc0a8985-3ceb-40d8-8932-4baa15f517d4', 'PENDING', 345.9375777617119, NULL, 'City', 'Country', NULL, 'cc0a8985-3ceb-40d8-8932-4baa15f517d4', '2025-11-15T19:23:58.171Z', '2025-12-01T19:23:58.171Z', NULL),
('cb3da8f5-0aa2-4826-9bba-055b431ccafa', 'e9887336-983a-4f20-8f1e-b06122e28c23', 'PENDING', 365.666208994048, NULL, 'City', 'Country', NULL, 'e9887336-983a-4f20-8f1e-b06122e28c23', '2025-11-14T19:23:58.172Z', '2025-12-01T19:23:58.172Z', NULL),
('05316174-28f8-4506-a476-67383ba2c1e3', 'cc0a8985-3ceb-40d8-8932-4baa15f517d4', 'SHIPPED', 367.2823849106229, NULL, 'City', 'Country', NULL, 'cc0a8985-3ceb-40d8-8932-4baa15f517d4', '2025-11-13T19:23:58.172Z', '2025-12-01T19:23:58.172Z', NULL),
('7fa061f1-f2c0-494f-8575-6944305a3750', '5e41bdda-3753-4958-b816-e06c51f13f53', 'PAID', 818.9462461274777, NULL, 'City', 'Country', NULL, '5e41bdda-3753-4958-b816-e06c51f13f53', '2025-11-12T19:23:58.172Z', '2025-12-01T19:23:58.172Z', NULL),
('8bcf3988-32f2-4108-9f01-a915d40213ad', '50c424df-ec93-46a8-8469-38a9a4b3f397', 'PENDING', 734.5647698212458, NULL, 'City', 'Country', NULL, '50c424df-ec93-46a8-8469-38a9a4b3f397', '2025-11-11T19:23:58.173Z', '2025-12-01T19:23:58.173Z', NULL),
('2fb3cfac-196a-4ff1-a986-43f255c937ac', 'd62cd120-2df2-42f9-a786-d3109587b620', 'PAID', 304.0257879429167, NULL, 'City', 'Country', NULL, 'd62cd120-2df2-42f9-a786-d3109587b620', '2025-11-10T19:23:58.173Z', '2025-12-01T19:23:58.173Z', NULL),
('c5abf519-0660-4699-9055-b7d8f9bf4282', 'cc0a8985-3ceb-40d8-8932-4baa15f517d4', 'PENDING', 842.5480205812908, NULL, 'City', 'Country', NULL, 'cc0a8985-3ceb-40d8-8932-4baa15f517d4', '2025-11-09T19:23:58.173Z', '2025-12-01T19:23:58.173Z', NULL),
('92fce44a-8268-49be-b795-f84640d3b5c1', '50c424df-ec93-46a8-8469-38a9a4b3f397', 'DELIVERED', 160.7474642539088, NULL, 'City', 'Country', NULL, '50c424df-ec93-46a8-8469-38a9a4b3f397', '2025-11-08T19:23:58.174Z', '2025-12-01T19:23:58.174Z', NULL),
('9b0e83bd-69df-4adc-8bd2-609a0a0493c7', '7e0d6053-5011-4b1a-a74a-3c9554bb98f5', 'PAID', 349.3301536530073, NULL, 'City', 'Country', NULL, '7e0d6053-5011-4b1a-a74a-3c9554bb98f5', '2025-11-07T19:23:58.174Z', '2025-12-01T19:23:58.174Z', NULL);

-- Table: order_items (50 records)
TRUNCATE TABLE order_items CASCADE;
INSERT INTO order_items (id, order_id, product_id, quantity, price, created_at) VALUES
('c510ab94-3776-4f6d-b1df-ee5535057188', 'b738cc7d-59f2-450e-94c4-d760fa508484', '2e8da921-a50e-4c16-8e21-e4e34c3ea9bc', 1, 61.47211999634571, '2025-12-01T19:23:04.754Z'),
('74971560-52d5-40ce-ae27-59f0e16319fb', '4efbe69e-6d62-41d5-918a-282e01f8ca5f', 'c8b96ae4-fb06-4350-90c8-a8698924edd9', 2, 405.1446036622777, '2025-12-01T19:23:04.755Z'),
('20a0b44b-8ed5-4692-aa03-633b6231d40b', '2cd4a33f-8049-4f94-8c11-6328ff3223e0', '4389189e-7a24-40e2-9262-4ebe5a15fd36', 1, 156.8139460534885, '2025-12-01T19:23:04.756Z'),
('5a9725a2-14df-4c5b-b342-934cad5f7c0e', '8e7763b5-75d4-4275-b168-17f6e0f9d12b', '44423a00-7167-4a1f-bd8a-d5467e989734', 3, 161.9499901059873, '2025-12-01T19:23:04.756Z'),
('9269835d-060d-4e86-a38c-b6d239303bdb', 'fc5e8eb7-fd2e-40d2-9d42-9071da6b9df7', '2f18fe35-6f06-424e-87c0-61b1af4f781d', 2, 129.8736258358843, '2025-12-01T19:23:04.756Z'),
('c5a47f3d-5a61-40c0-8f19-3fb558c76c54', 'f6bf7046-849e-47f8-b998-9fae13e46ef2', '1385ec18-3279-43c1-b44c-373b89c6318a', 1, 233.5412448738119, '2025-12-01T19:23:04.757Z'),
('abd98294-27ea-487c-942d-35c1ebae7a0d', 'b65e3c4d-1621-43a1-856f-22c6663f709c', 'ab16291e-71db-4c76-957f-8c8182770336', 3, 102.5763679746073, '2025-12-01T19:23:04.757Z'),
('1b364d84-c995-46a9-af0e-e794e0ba32d9', '93705273-0a00-4e04-968b-35a859a19e66', '8c08dc0e-d48d-4ce0-8847-70d5cac27d50', 3, 49.84244802655854, '2025-12-01T19:23:04.758Z'),
('becb0924-f0ab-46c8-a018-779555c26716', '4b6f5ed1-f40a-4799-97b0-fa05ad417bb0', '1385ec18-3279-43c1-b44c-373b89c6318a', 3, 233.5412448738119, '2025-12-01T19:23:04.758Z'),
('103cfb9b-0430-4843-98d0-89273dae0bee', 'c7a465ad-49a9-4669-8cd8-25fffe71d0df', '8c08dc0e-d48d-4ce0-8847-70d5cac27d50', 1, 49.84244802655854, '2025-12-01T19:23:04.758Z'),
('d6ccb515-2a98-4db4-99f5-e5ef9f570971', 'c552be69-b063-4939-91cc-5fa08292bcb3', '44423a00-7167-4a1f-bd8a-d5467e989734', 1, 161.9499901059873, '2025-12-01T19:23:04.759Z'),
('78db5c30-eb0d-4ffe-ad10-7a8e238294e7', '54c6ded1-e346-4d3e-8212-dd41e5309061', '2020b6a0-7a41-469f-b95e-02ecd85e8ce4', 3, 84.65255913024471, '2025-12-01T19:23:04.759Z'),
('061182e6-d798-42e0-a4fb-a72fbb2c87d2', 'dcff1ba4-e9df-4c74-bceb-5d8ddf9568e3', '2020b6a0-7a41-469f-b95e-02ecd85e8ce4', 1, 84.65255913024471, '2025-12-01T19:23:04.760Z'),
('7a63a798-9581-47d1-b7a2-4d104f69001f', 'c1ad2d3f-ecfb-48ad-b107-20fdeb0557a7', 'ba22455d-28e2-49ca-a62b-38b6e86d30f7', 3, 68.07177236660812, '2025-12-01T19:23:04.760Z'),
('6d09acdb-63e3-4cb5-85a0-6e3f1e81e9b8', '5f9f0112-c88d-41cc-8163-b7f2daefb753', 'bcaa5c11-99d3-4dc1-bf9c-b3a9ea380b0d', 2, 97.58125880856599, '2025-12-01T19:23:04.761Z'),
('c30c3f57-8824-4894-a686-87e35a8b28c6', '45ed5789-df1f-46b1-9d69-8565d4ae1c21', '2020b6a0-7a41-469f-b95e-02ecd85e8ce4', 1, 84.65255913024471, '2025-12-01T19:23:04.761Z'),
('31fe4aaa-6b0d-4c36-835b-102fa55d5c1f', 'f5ec306f-fc3f-44e7-b383-d54c340f9775', 'ebf8b703-b7b0-4e54-9086-6565969f30be', 2, 136.332141097053, '2025-12-01T19:23:04.761Z'),
('48089ffb-49fa-4fe6-b94e-18ace0858b7b', 'd197d2d2-f2e0-4824-a801-527354e1fb6f', 'cc654583-53f7-4744-a9be-abe404de7f97', 1, 69.59437114711173, '2025-12-01T19:23:04.762Z'),
('af634ae4-ce77-46ce-b3ef-3d90192707bd', '48dc9d60-8410-43ac-8e45-bb30389d5e95', 'bcaa5c11-99d3-4dc1-bf9c-b3a9ea380b0d', 2, 97.58125880856599, '2025-12-01T19:23:04.762Z'),
('7e344353-12d9-447e-b6a0-8ba50983973e', '497859ee-d160-4f40-81e0-771012027c51', 'bcaa5c11-99d3-4dc1-bf9c-b3a9ea380b0d', 1, 97.58125880856599, '2025-12-01T19:23:04.762Z'),
('64a85bcc-0b60-4188-9884-64cab0fa505d', '3695a189-4019-455c-ae48-f617b3005b82', '269c745a-5823-43da-8cfd-614eb7bed797', 2, 173.1776243858008, '2025-12-01T19:23:04.763Z'),
('c71859e9-95f5-40ff-b36a-d275dfb9fd3b', '22f19e67-4301-49ad-bf54-7ce59a3c0efd', 'c4b24bcd-aea2-4702-aaed-8abba356bd60', 1, 140.3669844112686, '2025-12-01T19:23:04.763Z'),
('8d95e132-9d60-46a8-a9a6-65931331ed81', '0208fb16-7ed4-4907-b0c3-d78f21659e59', 'bfd4709a-3c3f-48ed-b556-e25c8c1637dd', 3, 265.5818587012143, '2025-12-01T19:23:04.763Z'),
('037d6551-7b65-470d-81b9-06538c0fad87', '824c0275-b6cd-47f2-a48b-698b609eafa8', 'ebf8b703-b7b0-4e54-9086-6565969f30be', 2, 136.332141097053, '2025-12-01T19:23:04.764Z'),
('5c6ef3da-70ac-4559-b11d-1e673ade4e28', 'facb401d-f03d-479d-b61b-1a57d911148a', '1385ec18-3279-43c1-b44c-373b89c6318a', 2, 233.5412448738119, '2025-12-01T19:23:04.764Z'),
('218153a3-585f-418e-bba8-0c8fc32bcc81', 'c26819e7-4700-4096-b371-64f1b3363b91', '25ad70e6-d374-48be-a923-cd377ca9af91', 3, 161.1779782767472, '2025-12-01T19:23:58.166Z'),
('48c9579f-9a9b-498b-a22b-05005cb42100', '7f04b0f9-cfd7-41e4-9494-f3cd01d47525', 'e15f5f90-6f97-4c18-80f5-29f87fb0b522', 3, 162.3215300595535, '2025-12-01T19:23:58.166Z'),
('d9665e4b-9bd5-4fc8-a803-4b22cb787b39', 'ef737611-7f67-476e-b3cd-a7cce57288a9', '25ad70e6-d374-48be-a923-cd377ca9af91', 2, 161.1779782767472, '2025-12-01T19:23:58.167Z'),
('ac13c3ee-d2b0-4e0f-87e9-7c9115a8adf7', '709d08e0-283d-4496-8853-517ef52766fa', '04fc7cd9-e45f-4a8a-9a61-a0766ec406f8', 2, 294.0368439711029, '2025-12-01T19:23:58.167Z'),
('ed25a28d-d4b0-4063-9bdd-e527d2809a1e', 'f14987e3-44ae-422d-9136-986f4ad3f8ba', '81359bf0-c8bd-4479-bebf-1dca60c4764f', 2, 364.2511088219897, '2025-12-01T19:23:58.167Z'),
('b4ba3d53-b1d3-4a53-9aac-8314f07027a7', 'e6dddf3f-fbf6-4392-9da9-7c989d94c193', '6346b986-829c-43c0-873b-4abc0232a8dc', 3, 165.958566151884, '2025-12-01T19:23:58.168Z'),
('de296d17-272b-4f64-b785-aeb68f2ea2a1', '3e664c26-84fd-4f5e-8037-9cb7ab305b7e', '94381cbb-3ca1-4206-83c9-74463e2f94de', 2, 334.4984642268079, '2025-12-01T19:23:58.168Z'),
('18d02151-99d0-4947-8881-1e2be9fd7621', '3a16dfd8-7102-44f0-83f4-d0d2262153c2', 'bf2a5a89-0163-446e-a8b0-d5bc4e29b1fd', 3, 365.666208994048, '2025-12-01T19:23:58.169Z'),
('a1295b3e-d37a-4ff3-aa51-098af5b7aab4', '7236fbcb-f75d-4745-9ba1-983337d8c7c1', '8f8747f2-418c-45aa-bdcd-58a4b9bd0121', 3, 143.6433788093897, '2025-12-01T19:23:58.169Z'),
('7d175f59-6728-4043-a316-575d87348637', '41c7ba27-657c-4543-9716-acc76252f80b', 'b29a9449-c0c6-4e3d-8095-b69e63322fd4', 1, 275.7254799406829, '2025-12-01T19:23:58.169Z'),
('ece92631-308e-433a-852b-4dcf1d6da1a6', 'f2798ca7-696a-4516-9565-f55a9d767188', '23a925e0-7805-42e5-875c-beec99b8fa2d', 1, 155.2434730139146, '2025-12-01T19:23:58.169Z'),
('8cb14554-36c9-47c1-be3d-ce6e786b393a', '43091864-f139-455d-ab42-1e717c5513de', '22706ab4-d4a5-496a-82a7-118fd765569f', 1, 343.241752789365, '2025-12-01T19:23:58.170Z'),
('5687d1e0-13fe-4dbf-813e-fb8ddd387785', '207a97ba-d889-4a5b-9610-7b9eaf275f0f', 'e15f5f90-6f97-4c18-80f5-29f87fb0b522', 3, 162.3215300595535, '2025-12-01T19:23:58.170Z'),
('65b6ded2-c66c-4a0b-adcb-d26a0ba71156', '26e612dc-a4ae-4be0-a815-5bdbaabffc7f', '96ac29e8-fe1f-4a96-b5c9-5a5841b011a9', 2, 149.3596479088246, '2025-12-01T19:23:58.170Z'),
('a3e5de26-a283-4460-9ecd-d32fef6bb7f7', '19d018e7-de24-4313-8ce2-d9ebdcbf314e', 'ddc8dddf-808d-4567-a59e-776f0d4b2def', 1, 151.9580874848328, '2025-12-01T19:23:58.171Z'),
('32834322-d12d-4aa4-aa6a-5083cb681d1e', '2482c50c-ded2-497c-ab29-0cd001f3cc74', '3d6e8daf-fd8d-43ef-af02-a2b62877ab5a', 3, 345.9375777617119, '2025-12-01T19:23:58.171Z'),
('88d1218a-319a-4f82-ad14-7163b2c2e959', '1ac4341f-b50a-4a35-8831-53bd06bd6005', '3d6e8daf-fd8d-43ef-af02-a2b62877ab5a', 1, 345.9375777617119, '2025-12-01T19:23:58.172Z'),
('c1b08642-2ca6-400d-8ca1-c1380af446f9', 'cb3da8f5-0aa2-4826-9bba-055b431ccafa', 'bf2a5a89-0163-446e-a8b0-d5bc4e29b1fd', 1, 365.666208994048, '2025-12-01T19:23:58.172Z'),
('b05ee334-b249-44b4-9180-de25c48692e4', '05316174-28f8-4506-a476-67383ba2c1e3', 'ea4311c8-ddb1-48f7-a7cc-975037b3e40c', 1, 367.2823849106229, '2025-12-01T19:23:58.172Z'),
('3522d5b4-1cee-4a1f-bd6e-6f5e1928610f', '7fa061f1-f2c0-494f-8575-6944305a3750', '02740732-4b89-411c-8a10-2df9b22daadd', 3, 272.9820820424926, '2025-12-01T19:23:58.173Z'),
('47a0efaa-c67b-4a93-bdd1-5e1ec05b7d8b', '8bcf3988-32f2-4108-9f01-a915d40213ad', 'ea4311c8-ddb1-48f7-a7cc-975037b3e40c', 2, 367.2823849106229, '2025-12-01T19:23:58.173Z'),
('facc42d1-32cd-4b18-b348-c38ea0343f0b', '2fb3cfac-196a-4ff1-a986-43f255c937ac', 'aa5c81ac-fcc4-44fe-9a70-3dddafb97d24', 1, 304.0257879429167, '2025-12-01T19:23:58.173Z'),
('cdb86598-308e-48d6-859c-00bc3374cc78', 'c5abf519-0660-4699-9055-b7d8f9bf4282', '9498470a-9e72-4e27-84d8-c43cb26ff6e7', 3, 280.8493401937636, '2025-12-01T19:23:58.173Z'),
('bb9ff357-98b5-4867-99f8-5daecff60b76', '92fce44a-8268-49be-b795-f84640d3b5c1', '4a319508-847b-4cce-8449-85380091005d', 1, 160.7474642539088, '2025-12-01T19:23:58.174Z'),
('f8e73078-4cfd-486a-ab83-bfa766a1e2c7', '9b0e83bd-69df-4adc-8bd2-609a0a0493c7', '55c8076a-574f-4e7f-8eb3-5e2f2e21890f', 1, 349.3301536530073, '2025-12-01T19:23:58.174Z');

-- Table: comments (336 records)
TRUNCATE TABLE comments CASCADE;
INSERT INTO comments (id, user_id, video_id, product_id, content, likes, created_at, updated_at) VALUES
('8503f850-bdc4-4920-8b25-aecb4f79bc94', '50c424df-ec93-46a8-8469-38a9a4b3f397', NULL, 'ad8f2481-4e3a-462d-9411-82d7c1b41e7a', 'جودة ممتازة وتصميم جميل. راضٍ تماماً.', 5, '2025-12-01T19:22:47.074Z', '2025-12-01T19:22:47.074Z'),
('e84ce5c3-363e-458c-a936-020dc6937cfb', 'e9887336-983a-4f20-8f1e-b06122e28c23', NULL, 'ad8f2481-4e3a-462d-9411-82d7c1b41e7a', '非常满意，推荐购买！', 9, '2025-12-01T19:22:47.079Z', '2025-12-01T19:22:47.079Z'),
('c40a33c7-fac9-4c77-b9e7-bc7473226719', '50c424df-ec93-46a8-8469-38a9a4b3f397', NULL, 'ad8f2481-4e3a-462d-9411-82d7c1b41e7a', 'Amazing product, highly recommended!', 2, '2025-12-01T19:22:47.080Z', '2025-12-01T19:22:47.080Z'),
('3acdfc1f-1982-4caf-be49-38827ec7ab02', '77b42438-57dd-4318-aaa0-87a60be0af1d', NULL, 'ad8f2481-4e3a-462d-9411-82d7c1b41e7a', '非常满意，推荐购买！', 0, '2025-12-01T19:22:47.080Z', '2025-12-01T19:22:47.080Z'),
('6dfa70cb-c5b8-421d-b38b-ec7053d98393', '4eac3e42-ce12-4b11-97d1-af77e3c4f536', NULL, 'f29db7bd-241e-460e-9534-b50d85417770', 'منتج رائع وجودة عالية! أنصح به بشدة.', 0, '2025-12-01T19:22:47.081Z', '2025-12-01T19:22:47.081Z'),
('9b097fdf-18ce-419a-a13f-2ed5f2c748e0', 'dc409d7b-2aa3-40f9-83e8-66985391d35d', NULL, 'f29db7bd-241e-460e-9534-b50d85417770', 'منتج رائع وجودة عالية! أنصح به بشدة.', 6, '2025-12-01T19:22:47.081Z', '2025-12-01T19:22:47.081Z'),
('6da44d09-45a6-4694-afc2-6d6e1d46530a', '7e0d6053-5011-4b1a-a74a-3c9554bb98f5', NULL, 'f29db7bd-241e-460e-9534-b50d85417770', 'Beautiful handmade piece, love it!', 0, '2025-12-01T19:22:47.082Z', '2025-12-01T19:22:47.082Z'),
('79faed85-1ae1-4c3f-84d4-5483f73da0a1', '8d69dabc-e346-4ccc-85ef-93594164d012', NULL, 'f29db7bd-241e-460e-9534-b50d85417770', 'Beautiful handmade piece, love it!', 5, '2025-12-01T19:22:47.082Z', '2025-12-01T19:22:47.082Z'),
('24bf5382-1995-4898-ad5c-6525192c3c8f', 'e9887336-983a-4f20-8f1e-b06122e28c23', NULL, '00f60438-5a8f-4a80-a0bf-af2c47e2fc15', 'منتج يدوي أصيل يستحق كل قرش.', 6, '2025-12-01T19:22:47.082Z', '2025-12-01T19:22:47.082Z'),
('10174d40-07f8-4922-8ba4-a21aa7478416', 'dc409d7b-2aa3-40f9-83e8-66985391d35d', NULL, '00f60438-5a8f-4a80-a0bf-af2c47e2fc15', '非常满意，推荐购买！', 5, '2025-12-01T19:22:47.083Z', '2025-12-01T19:22:47.083Z'),
('1e042954-08ee-4b59-9806-b4bc1245415a', '7e0d6053-5011-4b1a-a74a-3c9554bb98f5', NULL, '00f60438-5a8f-4a80-a0bf-af2c47e2fc15', 'جودة ممتازة وتصميم جميل. راضٍ تماماً.', 6, '2025-12-01T19:22:47.083Z', '2025-12-01T19:22:47.083Z'),
('412faed5-98b9-4516-87d0-da2bd8c0016f', '8d69dabc-e346-4ccc-85ef-93594164d012', NULL, '00f60438-5a8f-4a80-a0bf-af2c47e2fc15', 'Amazing product, highly recommended!', 4, '2025-12-01T19:22:47.084Z', '2025-12-01T19:22:47.084Z'),
('fb50f4d5-b8a1-4945-a845-1f1568c0a344', '4eac3e42-ce12-4b11-97d1-af77e3c4f536', NULL, '3164b973-0052-46f8-82b7-124549623376', 'منتج يدوي أصيل يستحق كل قرش.', 8, '2025-12-01T19:22:47.084Z', '2025-12-01T19:22:47.084Z'),
('87770e50-c96a-400d-bd33-acac7d75cf0c', '77b42438-57dd-4318-aaa0-87a60be0af1d', NULL, '3164b973-0052-46f8-82b7-124549623376', 'Excellent quality and beautiful craftsmanship!', 0, '2025-12-01T19:22:47.084Z', '2025-12-01T19:22:47.084Z'),
('1077028e-a17a-4a2c-859c-40ce15971529', '1e2e4c28-1a82-4744-803a-768c99c6c6f5', NULL, '3164b973-0052-46f8-82b7-124549623376', 'Beautiful handmade piece, love it!', 3, '2025-12-01T19:22:47.084Z', '2025-12-01T19:22:47.084Z'),
('716c8853-264b-45bd-ac6e-5b111b4fd3cd', '4eac3e42-ce12-4b11-97d1-af77e3c4f536', NULL, '3164b973-0052-46f8-82b7-124549623376', 'جودة ممتازة وتصميم جميل. راضٍ تماماً.', 6, '2025-12-01T19:22:47.085Z', '2025-12-01T19:22:47.085Z'),
('32b74032-3a49-4b7c-ab58-a6655bb995a5', 'cc0a8985-3ceb-40d8-8932-4baa15f517d4', NULL, '3164b973-0052-46f8-82b7-124549623376', 'Amazing product, highly recommended!', 3, '2025-12-01T19:22:47.085Z', '2025-12-01T19:22:47.085Z'),
('bb514b32-4d12-4d0d-8679-3b772460fc4a', '77b42438-57dd-4318-aaa0-87a60be0af1d', NULL, '3164b973-0052-46f8-82b7-124549623376', 'جودة ممتازة وتصميم جميل. راضٍ تماماً.', 0, '2025-12-01T19:22:47.085Z', '2025-12-01T19:22:47.085Z'),
('2b780fca-0103-421f-be3e-f3da8bdc14c4', '6b8fb30c-bafa-4fb4-abae-d50b73d9922d', NULL, '6d07fd60-cadf-4e93-8251-cefe0f39bf09', '传统工艺精湛，质量上乘！', 5, '2025-12-01T19:22:47.085Z', '2025-12-01T19:22:47.085Z'),
('759c3164-b2e4-4500-b9af-ac21eb0881a3', '1e2e4c28-1a82-4744-803a-768c99c6c6f5', NULL, '6d07fd60-cadf-4e93-8251-cefe0f39bf09', 'جودة ممتازة وتصميم جميل. راضٍ تماماً.', 1, '2025-12-01T19:22:47.085Z', '2025-12-01T19:22:47.085Z'),
('bfab511b-81b0-4f9d-9905-109210491ac7', '5655546b-258d-41be-bf3f-a407a0496447', NULL, '6d07fd60-cadf-4e93-8251-cefe0f39bf09', 'جودة ممتازة وتصميم جميل. راضٍ تماماً.', 7, '2025-12-01T19:22:47.086Z', '2025-12-01T19:22:47.086Z'),
('17fe34e9-fedc-403a-b0b3-7d644ac71f87', '5655546b-258d-41be-bf3f-a407a0496447', NULL, '6d07fd60-cadf-4e93-8251-cefe0f39bf09', 'Beautiful handmade piece, love it!', 5, '2025-12-01T19:22:47.086Z', '2025-12-01T19:22:47.086Z'),
('12e34988-4f59-4728-a576-d110e5881047', 'e9887336-983a-4f20-8f1e-b06122e28c23', NULL, '6d07fd60-cadf-4e93-8251-cefe0f39bf09', 'منتج رائع وجودة عالية! أنصح به بشدة.', 7, '2025-12-01T19:22:47.086Z', '2025-12-01T19:22:47.086Z'),
('ec7a4e67-4a5b-4a52-8e95-3e9c91d21c43', '5655546b-258d-41be-bf3f-a407a0496447', NULL, 'bd163133-b7a8-4af7-982a-29f197e266f9', 'Beautiful handmade piece, love it!', 7, '2025-12-01T19:22:47.086Z', '2025-12-01T19:22:47.086Z'),
('ba9c2bee-ea04-4d1c-b0c1-7bb8bffbf023', '4eac3e42-ce12-4b11-97d1-af77e3c4f536', NULL, 'bd163133-b7a8-4af7-982a-29f197e266f9', 'Amazing product, highly recommended!', 9, '2025-12-01T19:22:47.087Z', '2025-12-01T19:22:47.087Z'),
('6cadf2aa-088a-4a57-be48-532cfab02f5c', '50c424df-ec93-46a8-8469-38a9a4b3f397', NULL, '3967ea0f-7a80-407b-8e57-47af347f7765', 'منتج يدوي أصيل يستحق كل قرش.', 4, '2025-12-01T19:22:47.087Z', '2025-12-01T19:22:47.087Z'),
('d344265b-b610-45f0-9405-57fdcefcbfa5', 'd62cd120-2df2-42f9-a786-d3109587b620', NULL, '3967ea0f-7a80-407b-8e57-47af347f7765', 'منتج رائع وجودة عالية! أنصح به بشدة.', 1, '2025-12-01T19:22:47.087Z', '2025-12-01T19:22:47.087Z'),
('232e5ce7-12cb-4e82-a763-000340f391f1', '1c650d71-68dc-4421-b419-f245bfce7a5c', NULL, '3967ea0f-7a80-407b-8e57-47af347f7765', 'منتج رائع وجودة عالية! أنصح به بشدة.', 3, '2025-12-01T19:22:47.087Z', '2025-12-01T19:22:47.087Z'),
('5be9a8f7-d165-4ebc-8f25-85400641ec9a', 'cc0a8985-3ceb-40d8-8932-4baa15f517d4', NULL, '3967ea0f-7a80-407b-8e57-47af347f7765', 'Amazing product, highly recommended!', 3, '2025-12-01T19:22:47.088Z', '2025-12-01T19:22:47.088Z'),
('f8a4bff1-7d7e-43c7-9e04-bb904bbcf1a1', '6b8fb30c-bafa-4fb4-abae-d50b73d9922d', NULL, '39106a88-41cf-4b2a-8fb2-fbbfa5ee3007', 'جودة ممتازة وتصميم جميل. راضٍ تماماً.', 7, '2025-12-01T19:22:47.088Z', '2025-12-01T19:22:47.088Z'),
('13e24e4d-a026-44d1-b857-d3cf4cad80b3', 'dc409d7b-2aa3-40f9-83e8-66985391d35d', NULL, '39106a88-41cf-4b2a-8fb2-fbbfa5ee3007', 'Excellent quality and beautiful craftsmanship!', 5, '2025-12-01T19:22:47.088Z', '2025-12-01T19:22:47.088Z'),
('74c8898f-7ce7-42a4-9644-cafea6fa4ee5', '1c650d71-68dc-4421-b419-f245bfce7a5c', NULL, '39106a88-41cf-4b2a-8fb2-fbbfa5ee3007', 'Amazing product, highly recommended!', 2, '2025-12-01T19:22:47.089Z', '2025-12-01T19:22:47.089Z'),
('8d03309f-3386-4761-b236-2b1df6e7e047', '4eac3e42-ce12-4b11-97d1-af77e3c4f536', NULL, '39106a88-41cf-4b2a-8fb2-fbbfa5ee3007', 'منتج رائع وجودة عالية! أنصح به بشدة.', 3, '2025-12-01T19:22:47.089Z', '2025-12-01T19:22:47.089Z'),
('495295d6-a432-42cd-bb0e-d6af9cb7d337', 'cc0a8985-3ceb-40d8-8932-4baa15f517d4', NULL, '39106a88-41cf-4b2a-8fb2-fbbfa5ee3007', '传统工艺精湛，质量上乘！', 8, '2025-12-01T19:22:47.089Z', '2025-12-01T19:22:47.089Z'),
('725a721f-3308-4a92-955e-404abe805d5a', '5e41bdda-3753-4958-b816-e06c51f13f53', NULL, '39106a88-41cf-4b2a-8fb2-fbbfa5ee3007', 'Amazing product, highly recommended!', 0, '2025-12-01T19:22:47.090Z', '2025-12-01T19:22:47.090Z'),
('b33b6fbe-d1d6-43de-b56c-64f6c9954c14', '7e0d6053-5011-4b1a-a74a-3c9554bb98f5', NULL, '915c36ab-8c45-4857-b7d3-d8584fad1e0d', '传统工艺精湛，质量上乘！', 6, '2025-12-01T19:22:47.090Z', '2025-12-01T19:22:47.090Z'),
('4fa036ce-66b9-4408-9764-797562714cc8', 'dc409d7b-2aa3-40f9-83e8-66985391d35d', NULL, '915c36ab-8c45-4857-b7d3-d8584fad1e0d', 'منتج يدوي أصيل يستحق كل قرش.', 4, '2025-12-01T19:22:47.090Z', '2025-12-01T19:22:47.090Z'),
('748bb160-537b-4e9a-83d5-70cc7fa5b6cf', '6b8fb30c-bafa-4fb4-abae-d50b73d9922d', NULL, '915c36ab-8c45-4857-b7d3-d8584fad1e0d', 'منتج يدوي أصيل يستحق كل قرش.', 3, '2025-12-01T19:22:47.090Z', '2025-12-01T19:22:47.090Z'),
('af1e7380-c36d-4e1c-b756-acab6f49184a', '5e41bdda-3753-4958-b816-e06c51f13f53', NULL, '915c36ab-8c45-4857-b7d3-d8584fad1e0d', '非常满意，推荐购买！', 0, '2025-12-01T19:22:47.091Z', '2025-12-01T19:22:47.091Z'),
('7a748389-f5e7-4c3a-9ee9-edaa071cde73', 'dc409d7b-2aa3-40f9-83e8-66985391d35d', NULL, '915c36ab-8c45-4857-b7d3-d8584fad1e0d', 'منتج رائع وجودة عالية! أنصح به بشدة.', 8, '2025-12-01T19:22:47.091Z', '2025-12-01T19:22:47.091Z'),
('3b44462d-862e-41df-a942-c798a5a4d131', '6b8fb30c-bafa-4fb4-abae-d50b73d9922d', NULL, '07ecd6cf-91b8-4bac-91df-2fac78be6421', 'Excellent quality and beautiful craftsmanship!', 8, '2025-12-01T19:22:47.092Z', '2025-12-01T19:22:47.092Z'),
('cb42f46e-bf06-40af-87c5-f7c7e48f7dc0', '5e41bdda-3753-4958-b816-e06c51f13f53', NULL, '07ecd6cf-91b8-4bac-91df-2fac78be6421', 'Amazing product, highly recommended!', 2, '2025-12-01T19:22:47.092Z', '2025-12-01T19:22:47.092Z'),
('1b7109e5-66c4-4925-81f1-00ad1895bbbd', '5655546b-258d-41be-bf3f-a407a0496447', NULL, '07ecd6cf-91b8-4bac-91df-2fac78be6421', 'Excellent quality and beautiful craftsmanship!', 4, '2025-12-01T19:22:47.092Z', '2025-12-01T19:22:47.092Z'),
('eaaa2588-7f31-45a7-b397-eae064821ef5', 'dc409d7b-2aa3-40f9-83e8-66985391d35d', NULL, '07ecd6cf-91b8-4bac-91df-2fac78be6421', 'جودة ممتازة وتصميم جميل. راضٍ تماماً.', 9, '2025-12-01T19:22:47.093Z', '2025-12-01T19:22:47.093Z'),
('04802831-60dd-49cc-b0ba-43a84c882920', '1e2e4c28-1a82-4744-803a-768c99c6c6f5', NULL, 'b3d6f2e5-4ca1-43be-86c0-1c313903c7ab', 'Excellent quality and beautiful craftsmanship!', 8, '2025-12-01T19:22:47.093Z', '2025-12-01T19:22:47.093Z'),
('50be4837-e104-4f93-b295-1614b5e560a0', '5655546b-258d-41be-bf3f-a407a0496447', NULL, 'b3d6f2e5-4ca1-43be-86c0-1c313903c7ab', 'منتج يدوي أصيل يستحق كل قرش.', 9, '2025-12-01T19:22:47.093Z', '2025-12-01T19:22:47.093Z'),
('9a145248-42ef-4b69-a200-b54c182bdf7f', 'dc409d7b-2aa3-40f9-83e8-66985391d35d', NULL, 'b3d6f2e5-4ca1-43be-86c0-1c313903c7ab', 'جودة ممتازة وتصميم جميل. راضٍ تماماً.', 2, '2025-12-01T19:22:47.093Z', '2025-12-01T19:22:47.093Z'),
('206d7911-859b-419f-b357-e66b9bede203', '4eac3e42-ce12-4b11-97d1-af77e3c4f536', NULL, 'b3d6f2e5-4ca1-43be-86c0-1c313903c7ab', 'منتج يدوي أصيل يستحق كل قرش.', 7, '2025-12-01T19:22:47.094Z', '2025-12-01T19:22:47.094Z'),
('10749b6b-4908-4233-951f-6cd79d45d2a0', '1e2e4c28-1a82-4744-803a-768c99c6c6f5', NULL, 'b3d6f2e5-4ca1-43be-86c0-1c313903c7ab', 'منتج يدوي أصيل يستحق كل قرش.', 2, '2025-12-01T19:22:47.094Z', '2025-12-01T19:22:47.094Z'),
('e04f3815-8f91-4ad5-b639-43288b37b5e1', '5e41bdda-3753-4958-b816-e06c51f13f53', NULL, 'b3d6f2e5-4ca1-43be-86c0-1c313903c7ab', '传统工艺精湛，质量上乘！', 6, '2025-12-01T19:22:47.094Z', '2025-12-01T19:22:47.094Z'),
('149b9d7a-a4a5-47ff-aeac-132c52ac25f2', 'f6390744-0bce-4f8b-8c30-1ed13afb0a8e', NULL, '54071ec2-99f3-4589-9504-60fbaa3d60ca', 'جودة ممتازة وتصميم جميل. راضٍ تماماً.', 8, '2025-12-01T19:22:47.094Z', '2025-12-01T19:22:47.094Z'),
('5f62df85-c92c-42c4-8480-7228b82a5574', '77b42438-57dd-4318-aaa0-87a60be0af1d', NULL, '54071ec2-99f3-4589-9504-60fbaa3d60ca', 'منتج رائع وجودة عالية! أنصح به بشدة.', 1, '2025-12-01T19:22:47.095Z', '2025-12-01T19:22:47.095Z'),
('aac00c46-89ed-44ee-98ad-93242a4d142b', '1c650d71-68dc-4421-b419-f245bfce7a5c', NULL, '54071ec2-99f3-4589-9504-60fbaa3d60ca', 'منتج رائع وجودة عالية! أنصح به بشدة.', 1, '2025-12-01T19:22:47.095Z', '2025-12-01T19:22:47.095Z'),
('74ee2eb4-773d-4f70-88e9-30e0c054946b', '50c424df-ec93-46a8-8469-38a9a4b3f397', NULL, '5a92291c-e2d6-413c-9c98-8e4638e3c060', '传统工艺精湛，质量上乘！', 8, '2025-12-01T19:22:47.095Z', '2025-12-01T19:22:47.095Z'),
('43ce4add-10d6-45f2-a4b2-ed404a50e56d', '8d69dabc-e346-4ccc-85ef-93594164d012', NULL, '5a92291c-e2d6-413c-9c98-8e4638e3c060', 'Excellent quality and beautiful craftsmanship!', 7, '2025-12-01T19:22:47.095Z', '2025-12-01T19:22:47.095Z'),
('9e23d5ac-c31f-4145-a96f-ab0e9e21ee07', '7e0d6053-5011-4b1a-a74a-3c9554bb98f5', NULL, '3ef1c0c2-0c65-457a-9749-0fd1d470c0ca', 'جودة ممتازة وتصميم جميل. راضٍ تماماً.', 7, '2025-12-01T19:22:47.096Z', '2025-12-01T19:22:47.096Z'),
('87faedad-1179-49b2-b877-645c1dd42ce5', '1e2e4c28-1a82-4744-803a-768c99c6c6f5', NULL, '3ef1c0c2-0c65-457a-9749-0fd1d470c0ca', 'Amazing product, highly recommended!', 1, '2025-12-01T19:22:47.096Z', '2025-12-01T19:22:47.096Z'),
('f8c50a1e-7f38-44b8-b668-3959ab41df4f', '77b42438-57dd-4318-aaa0-87a60be0af1d', NULL, '3ef1c0c2-0c65-457a-9749-0fd1d470c0ca', 'منتج رائع وجودة عالية! أنصح به بشدة.', 3, '2025-12-01T19:22:47.096Z', '2025-12-01T19:22:47.096Z'),
('015346a7-11a3-40b8-bd28-e4366cdaf04a', '1c650d71-68dc-4421-b419-f245bfce7a5c', NULL, '72232f71-557c-49a4-9e98-a768482621ee', '传统工艺精湛，质量上乘！', 3, '2025-12-01T19:22:47.096Z', '2025-12-01T19:22:47.096Z'),
('a219a006-c4af-4015-814c-929ab75ea0f2', '6b8fb30c-bafa-4fb4-abae-d50b73d9922d', NULL, '72232f71-557c-49a4-9e98-a768482621ee', 'Amazing product, highly recommended!', 8, '2025-12-01T19:22:47.096Z', '2025-12-01T19:22:47.096Z'),
('3f93a43d-e841-4b6d-bc6c-bb565d9b74d1', '77b42438-57dd-4318-aaa0-87a60be0af1d', NULL, '72232f71-557c-49a4-9e98-a768482621ee', 'Amazing product, highly recommended!', 1, '2025-12-01T19:22:47.097Z', '2025-12-01T19:22:47.097Z'),
('1ecb0199-4ec8-4099-8c47-464101068aa1', '5e41bdda-3753-4958-b816-e06c51f13f53', NULL, '72232f71-557c-49a4-9e98-a768482621ee', 'منتج يدوي أصيل يستحق كل قرش.', 3, '2025-12-01T19:22:47.097Z', '2025-12-01T19:22:47.097Z'),
('1fe7e23c-3b50-4ae5-a371-ed2220b0ad37', '50c424df-ec93-46a8-8469-38a9a4b3f397', NULL, '72232f71-557c-49a4-9e98-a768482621ee', 'جودة ممتازة وتصميم جميل. راضٍ تماماً.', 1, '2025-12-01T19:22:47.097Z', '2025-12-01T19:22:47.097Z'),
('f4eb8988-7bf7-49b6-869e-441eae65b0e0', '77b42438-57dd-4318-aaa0-87a60be0af1d', NULL, '861b2a26-7e62-4abb-84b9-0013f95fe849', 'منتج رائع وجودة عالية! أنصح به بشدة.', 3, '2025-12-01T19:22:47.097Z', '2025-12-01T19:22:47.097Z'),
('7351e900-61e0-407e-92be-5e786d5d081a', 'dc409d7b-2aa3-40f9-83e8-66985391d35d', NULL, '861b2a26-7e62-4abb-84b9-0013f95fe849', '非常满意，推荐购买！', 8, '2025-12-01T19:22:47.097Z', '2025-12-01T19:22:47.097Z'),
('6929fe19-9fa3-4462-ab37-31b2d2ce632e', 'd62cd120-2df2-42f9-a786-d3109587b620', NULL, 'c6e2b7c8-5e7a-4053-a83e-109066e414de', 'Excellent quality and beautiful craftsmanship!', 5, '2025-12-01T19:22:47.098Z', '2025-12-01T19:22:47.098Z'),
('2b9e12e5-eea0-47ee-af77-1ae50714ba0e', '4eac3e42-ce12-4b11-97d1-af77e3c4f536', NULL, 'c6e2b7c8-5e7a-4053-a83e-109066e414de', 'منتج رائع وجودة عالية! أنصح به بشدة.', 1, '2025-12-01T19:22:47.098Z', '2025-12-01T19:22:47.098Z'),
('696333bb-0aea-45b0-b59d-52c7bbbb1217', '6b8fb30c-bafa-4fb4-abae-d50b73d9922d', NULL, 'c6e2b7c8-5e7a-4053-a83e-109066e414de', '传统工艺精湛，质量上乘！', 2, '2025-12-01T19:22:47.098Z', '2025-12-01T19:22:47.098Z'),
('8bfdde86-aaf8-416c-8acd-7ff5c0959f73', '1e2e4c28-1a82-4744-803a-768c99c6c6f5', NULL, 'c6e2b7c8-5e7a-4053-a83e-109066e414de', 'منتج يدوي أصيل يستحق كل قرش.', 3, '2025-12-01T19:22:47.098Z', '2025-12-01T19:22:47.098Z'),
('69407b87-3d38-40b5-a85f-7db5559961fd', '8d69dabc-e346-4ccc-85ef-93594164d012', NULL, 'c6e2b7c8-5e7a-4053-a83e-109066e414de', 'Excellent quality and beautiful craftsmanship!', 5, '2025-12-01T19:22:47.098Z', '2025-12-01T19:22:47.098Z'),
('051d56c6-a6bc-4595-9e1b-5420f46194d3', 'f6390744-0bce-4f8b-8c30-1ed13afb0a8e', NULL, '9fa17f15-0490-410e-a903-d4348f4e5adb', 'منتج يدوي أصيل يستحق كل قرش.', 1, '2025-12-01T19:22:47.099Z', '2025-12-01T19:22:47.099Z'),
('63f4fef3-c37c-45fd-b912-9849e0e66d83', '4eac3e42-ce12-4b11-97d1-af77e3c4f536', NULL, '9fa17f15-0490-410e-a903-d4348f4e5adb', 'Excellent quality and beautiful craftsmanship!', 1, '2025-12-01T19:22:47.099Z', '2025-12-01T19:22:47.099Z'),
('a69549ad-3a5f-42d1-a964-38056c7ded94', '4eac3e42-ce12-4b11-97d1-af77e3c4f536', NULL, '9fa17f15-0490-410e-a903-d4348f4e5adb', 'Excellent quality and beautiful craftsmanship!', 9, '2025-12-01T19:22:47.099Z', '2025-12-01T19:22:47.099Z'),
('9e4ad5c1-e68d-4939-acf3-f274a36f7489', 'f6390744-0bce-4f8b-8c30-1ed13afb0a8e', NULL, '312f6b85-70aa-44e3-aea7-5304ca90c858', 'منتج يدوي أصيل يستحق كل قرش.', 6, '2025-12-01T19:22:47.099Z', '2025-12-01T19:22:47.099Z'),
('bbde45d1-da64-43ee-82f7-d4f888518ac6', '8d69dabc-e346-4ccc-85ef-93594164d012', NULL, '312f6b85-70aa-44e3-aea7-5304ca90c858', 'منتج رائع وجودة عالية! أنصح به بشدة.', 0, '2025-12-01T19:22:47.099Z', '2025-12-01T19:22:47.099Z'),
('5aeb6a5e-a0d0-468c-9da7-fa198df3e502', '6b8fb30c-bafa-4fb4-abae-d50b73d9922d', NULL, '9377fe1c-7431-4c9a-b422-e7783cc362f8', 'Beautiful handmade piece, love it!', 1, '2025-12-01T19:22:47.099Z', '2025-12-01T19:22:47.099Z'),
('6a340b83-3ba6-41db-8408-30cb35a3c8c7', '6b8fb30c-bafa-4fb4-abae-d50b73d9922d', NULL, '9377fe1c-7431-4c9a-b422-e7783cc362f8', 'منتج يدوي أصيل يستحق كل قرش.', 5, '2025-12-01T19:22:47.100Z', '2025-12-01T19:22:47.100Z'),
('35c81da7-3e05-42eb-abcc-1a9225ff0fc8', '6b8fb30c-bafa-4fb4-abae-d50b73d9922d', NULL, 'e45e08dc-92b3-4a2f-8999-d3990841ca12', 'Amazing product, highly recommended!', 5, '2025-12-01T19:22:47.100Z', '2025-12-01T19:22:47.100Z'),
('e4e79449-8083-4d8b-b3a8-ac9a2f1a057b', 'e9887336-983a-4f20-8f1e-b06122e28c23', NULL, 'e45e08dc-92b3-4a2f-8999-d3990841ca12', 'Amazing product, highly recommended!', 7, '2025-12-01T19:22:47.100Z', '2025-12-01T19:22:47.100Z'),
('e947fcef-1c4b-4c5d-a85b-31d526a6ff0b', '50c424df-ec93-46a8-8469-38a9a4b3f397', NULL, 'c03c726a-f40d-4d3c-8d25-ffcd6db6b421', 'Excellent quality and beautiful craftsmanship!', 2, '2025-12-01T19:22:47.100Z', '2025-12-01T19:22:47.100Z'),
('80d6876a-4002-452b-aba5-75d899a68745', '8d69dabc-e346-4ccc-85ef-93594164d012', NULL, 'c03c726a-f40d-4d3c-8d25-ffcd6db6b421', '传统工艺精湛，质量上乘！', 3, '2025-12-01T19:22:47.100Z', '2025-12-01T19:22:47.100Z'),
('a84b5c49-547e-42e2-88cd-40315d2c3acc', '4eac3e42-ce12-4b11-97d1-af77e3c4f536', NULL, 'c03c726a-f40d-4d3c-8d25-ffcd6db6b421', 'Excellent quality and beautiful craftsmanship!', 0, '2025-12-01T19:22:47.100Z', '2025-12-01T19:22:47.100Z'),
('1962390f-e283-4439-a0ca-43789a5bd06d', 'e9887336-983a-4f20-8f1e-b06122e28c23', NULL, '8cf704ae-d017-402f-812d-e68ae5e0dbf4', 'Amazing product, highly recommended!', 5, '2025-12-01T19:22:47.101Z', '2025-12-01T19:22:47.101Z'),
('bcdcf8a4-d738-4758-b68a-a96421b480f7', 'f6390744-0bce-4f8b-8c30-1ed13afb0a8e', NULL, '8cf704ae-d017-402f-812d-e68ae5e0dbf4', 'منتج رائع وجودة عالية! أنصح به بشدة.', 2, '2025-12-01T19:22:47.101Z', '2025-12-01T19:22:47.101Z'),
('e7c6a021-19e8-4a56-b72e-36e822183165', 'dc409d7b-2aa3-40f9-83e8-66985391d35d', NULL, '8cf704ae-d017-402f-812d-e68ae5e0dbf4', 'منتج رائع وجودة عالية! أنصح به بشدة.', 2, '2025-12-01T19:22:47.101Z', '2025-12-01T19:22:47.101Z'),
('c62d4569-fdbb-4341-8baf-491018ec75a8', 'dc409d7b-2aa3-40f9-83e8-66985391d35d', NULL, 'ebf8b703-b7b0-4e54-9086-6565969f30be', 'Excellent quality and beautiful craftsmanship!', 2, '2025-12-01T19:23:04.723Z', '2025-12-01T19:23:04.723Z'),
('6863a81d-08a9-4cb6-8504-259e41d54b2b', '4eac3e42-ce12-4b11-97d1-af77e3c4f536', NULL, 'ebf8b703-b7b0-4e54-9086-6565969f30be', '非常满意，推荐购买！', 3, '2025-12-01T19:23:04.725Z', '2025-12-01T19:23:04.725Z'),
('73ba518c-b06c-45a9-bffa-becc574b605d', '4eac3e42-ce12-4b11-97d1-af77e3c4f536', NULL, 'd9242548-2cfe-4698-9a07-11bfdf5171ff', 'Beautiful handmade piece, love it!', 5, '2025-12-01T19:23:04.725Z', '2025-12-01T19:23:04.725Z'),
('d49b770b-d6dd-4fec-a4a5-304584364f56', '77b42438-57dd-4318-aaa0-87a60be0af1d', NULL, 'd9242548-2cfe-4698-9a07-11bfdf5171ff', '传统工艺精湛，质量上乘！', 0, '2025-12-01T19:23:04.726Z', '2025-12-01T19:23:04.726Z'),
('825f8250-e91b-4b38-bc25-0f61298a031e', 'cc0a8985-3ceb-40d8-8932-4baa15f517d4', NULL, 'bfd4709a-3c3f-48ed-b556-e25c8c1637dd', 'Amazing product, highly recommended!', 6, '2025-12-01T19:23:04.726Z', '2025-12-01T19:23:04.726Z'),
('8c771ea3-90d3-4d1f-87f0-9d7d4da1a42e', '1e2e4c28-1a82-4744-803a-768c99c6c6f5', NULL, 'bfd4709a-3c3f-48ed-b556-e25c8c1637dd', 'Beautiful handmade piece, love it!', 5, '2025-12-01T19:23:04.727Z', '2025-12-01T19:23:04.727Z'),
('1128982f-1a5a-4af7-82dd-120052045f8a', '5e41bdda-3753-4958-b816-e06c51f13f53', NULL, 'bfd4709a-3c3f-48ed-b556-e25c8c1637dd', 'منتج يدوي أصيل يستحق كل قرش.', 5, '2025-12-01T19:23:04.728Z', '2025-12-01T19:23:04.728Z'),
('b3ee9251-fc86-4f69-8b0a-cbc729e9b1e4', 'e9887336-983a-4f20-8f1e-b06122e28c23', NULL, 'bfd4709a-3c3f-48ed-b556-e25c8c1637dd', 'Beautiful handmade piece, love it!', 8, '2025-12-01T19:23:04.728Z', '2025-12-01T19:23:04.728Z'),
('aae09c59-5435-49b9-a7f2-0a79e9592628', 'dc409d7b-2aa3-40f9-83e8-66985391d35d', NULL, 'bfd4709a-3c3f-48ed-b556-e25c8c1637dd', 'Beautiful handmade piece, love it!', 8, '2025-12-01T19:23:04.728Z', '2025-12-01T19:23:04.728Z'),
('57096ee2-876f-430b-a40f-0f2e140d38d4', 'dc409d7b-2aa3-40f9-83e8-66985391d35d', NULL, 'bfd4709a-3c3f-48ed-b556-e25c8c1637dd', '传统工艺精湛，质量上乘！', 4, '2025-12-01T19:23:04.729Z', '2025-12-01T19:23:04.729Z'),
('0051d803-d4a0-4b7c-8b06-2553aaedf10b', '4eac3e42-ce12-4b11-97d1-af77e3c4f536', NULL, 'c4b24bcd-aea2-4702-aaed-8abba356bd60', '传统工艺精湛，质量上乘！', 7, '2025-12-01T19:23:04.729Z', '2025-12-01T19:23:04.729Z'),
('be702947-dc28-4ea1-a7c1-b66d15414b59', 'dc409d7b-2aa3-40f9-83e8-66985391d35d', NULL, 'c4b24bcd-aea2-4702-aaed-8abba356bd60', 'منتج يدوي أصيل يستحق كل قرش.', 1, '2025-12-01T19:23:04.729Z', '2025-12-01T19:23:04.729Z'),
('349f8bbd-77a9-40d0-9e36-b7a0f493f8b1', '7e0d6053-5011-4b1a-a74a-3c9554bb98f5', NULL, 'c4b24bcd-aea2-4702-aaed-8abba356bd60', 'جودة ممتازة وتصميم جميل. راضٍ تماماً.', 4, '2025-12-01T19:23:04.729Z', '2025-12-01T19:23:04.729Z'),
('aa663036-8d6f-4efd-b196-10789d9ab05a', '6b8fb30c-bafa-4fb4-abae-d50b73d9922d', NULL, 'c4b24bcd-aea2-4702-aaed-8abba356bd60', 'منتج رائع وجودة عالية! أنصح به بشدة.', 8, '2025-12-01T19:23:04.730Z', '2025-12-01T19:23:04.730Z'),
('b014dc4e-644a-4db9-a7e9-0391be8f8029', '4eac3e42-ce12-4b11-97d1-af77e3c4f536', NULL, 'bcaa5c11-99d3-4dc1-bf9c-b3a9ea380b0d', 'Excellent quality and beautiful craftsmanship!', 9, '2025-12-01T19:23:04.730Z', '2025-12-01T19:23:04.730Z'),
('ea15a90f-9097-4059-87c2-eadeb2f6a004', '4eac3e42-ce12-4b11-97d1-af77e3c4f536', NULL, 'bcaa5c11-99d3-4dc1-bf9c-b3a9ea380b0d', '传统工艺精湛，质量上乘！', 3, '2025-12-01T19:23:04.730Z', '2025-12-01T19:23:04.730Z'),
('717675d0-cf09-4600-beed-ced5e2528ca3', '6b8fb30c-bafa-4fb4-abae-d50b73d9922d', NULL, 'bcaa5c11-99d3-4dc1-bf9c-b3a9ea380b0d', '非常满意，推荐购买！', 5, '2025-12-01T19:23:04.730Z', '2025-12-01T19:23:04.730Z'),
('c6d47363-b3ce-4c20-b944-328e8334521c', 'f6390744-0bce-4f8b-8c30-1ed13afb0a8e', NULL, 'bcaa5c11-99d3-4dc1-bf9c-b3a9ea380b0d', 'Beautiful handmade piece, love it!', 7, '2025-12-01T19:23:04.731Z', '2025-12-01T19:23:04.731Z'),
('5107298d-98c9-4cd5-a410-8912175db76e', 'dc409d7b-2aa3-40f9-83e8-66985391d35d', NULL, 'bcaa5c11-99d3-4dc1-bf9c-b3a9ea380b0d', 'منتج يدوي أصيل يستحق كل قرش.', 9, '2025-12-01T19:23:04.731Z', '2025-12-01T19:23:04.731Z'),
('d8173108-56d7-4ee8-97c5-1f05ca247533', '8d69dabc-e346-4ccc-85ef-93594164d012', NULL, 'bcaa5c11-99d3-4dc1-bf9c-b3a9ea380b0d', 'Excellent quality and beautiful craftsmanship!', 1, '2025-12-01T19:23:04.731Z', '2025-12-01T19:23:04.731Z'),
('5652f735-2064-49ad-a990-374dbe62afc3', '5655546b-258d-41be-bf3f-a407a0496447', NULL, '4389189e-7a24-40e2-9262-4ebe5a15fd36', 'Excellent quality and beautiful craftsmanship!', 5, '2025-12-01T19:23:04.731Z', '2025-12-01T19:23:04.731Z'),
('d30f991c-322e-4f10-b263-d9d142ad8726', '5655546b-258d-41be-bf3f-a407a0496447', NULL, '4389189e-7a24-40e2-9262-4ebe5a15fd36', 'Excellent quality and beautiful craftsmanship!', 1, '2025-12-01T19:23:04.732Z', '2025-12-01T19:23:04.732Z'),
('48dab7bf-7092-4b7c-a7d6-ef2a034b3684', 'cc0a8985-3ceb-40d8-8932-4baa15f517d4', NULL, 'ba22455d-28e2-49ca-a62b-38b6e86d30f7', 'منتج رائع وجودة عالية! أنصح به بشدة.', 4, '2025-12-01T19:23:04.732Z', '2025-12-01T19:23:04.732Z'),
('7de0d985-48d2-499f-bf18-290368b5122b', 'e9887336-983a-4f20-8f1e-b06122e28c23', NULL, 'ba22455d-28e2-49ca-a62b-38b6e86d30f7', 'منتج رائع وجودة عالية! أنصح به بشدة.', 6, '2025-12-01T19:23:04.732Z', '2025-12-01T19:23:04.732Z'),
('3ad6b0ae-45bd-4d97-99ed-50e54b0ce23d', '8d69dabc-e346-4ccc-85ef-93594164d012', NULL, 'ba22455d-28e2-49ca-a62b-38b6e86d30f7', '传统工艺精湛，质量上乘！', 1, '2025-12-01T19:23:04.732Z', '2025-12-01T19:23:04.732Z'),
('2dbbca76-8f9f-4005-b1c1-b8ccfbc957cb', '1e2e4c28-1a82-4744-803a-768c99c6c6f5', NULL, '138debfb-7a3e-4c3f-99da-223aa25dd73a', 'منتج رائع وجودة عالية! أنصح به بشدة.', 2, '2025-12-01T19:23:04.733Z', '2025-12-01T19:23:04.733Z'),
('8cb7f712-2601-4796-b785-23cd4c11e369', 'd62cd120-2df2-42f9-a786-d3109587b620', NULL, '138debfb-7a3e-4c3f-99da-223aa25dd73a', 'منتج رائع وجودة عالية! أنصح به بشدة.', 7, '2025-12-01T19:23:04.733Z', '2025-12-01T19:23:04.733Z'),
('b09462dc-9052-4e3e-8101-d25cbe0309a9', 'cc0a8985-3ceb-40d8-8932-4baa15f517d4', NULL, '138debfb-7a3e-4c3f-99da-223aa25dd73a', '传统工艺精湛，质量上乘！', 4, '2025-12-01T19:23:04.733Z', '2025-12-01T19:23:04.733Z'),
('0dfe114c-64b3-4f3e-8eff-d18ce426d231', '6b8fb30c-bafa-4fb4-abae-d50b73d9922d', NULL, 'f6227e57-31b6-4d32-a615-cbbe8ffd2de0', 'منتج يدوي أصيل يستحق كل قرش.', 3, '2025-12-01T19:23:04.734Z', '2025-12-01T19:23:04.734Z'),
('56e6f7ee-0cb1-404f-9545-d28af537d5a4', '5e41bdda-3753-4958-b816-e06c51f13f53', NULL, 'f6227e57-31b6-4d32-a615-cbbe8ffd2de0', 'منتج رائع وجودة عالية! أنصح به بشدة.', 2, '2025-12-01T19:23:04.734Z', '2025-12-01T19:23:04.734Z'),
('9b536940-bbd7-44ac-9cf1-c74fe90bd322', '5655546b-258d-41be-bf3f-a407a0496447', NULL, 'f6227e57-31b6-4d32-a615-cbbe8ffd2de0', 'منتج رائع وجودة عالية! أنصح به بشدة.', 8, '2025-12-01T19:23:04.734Z', '2025-12-01T19:23:04.734Z'),
('cb88304f-9747-446d-b5a1-50106262a229', 'e9887336-983a-4f20-8f1e-b06122e28c23', NULL, 'f6227e57-31b6-4d32-a615-cbbe8ffd2de0', 'Excellent quality and beautiful craftsmanship!', 6, '2025-12-01T19:23:04.735Z', '2025-12-01T19:23:04.735Z'),
('09842762-f3a4-4390-9b24-5888b8f650c7', '4eac3e42-ce12-4b11-97d1-af77e3c4f536', NULL, 'f6227e57-31b6-4d32-a615-cbbe8ffd2de0', 'منتج يدوي أصيل يستحق كل قرش.', 7, '2025-12-01T19:23:04.735Z', '2025-12-01T19:23:04.735Z'),
('6a62b81e-3b87-46e6-9ddb-e967be779792', '1c650d71-68dc-4421-b419-f245bfce7a5c', NULL, 'f6227e57-31b6-4d32-a615-cbbe8ffd2de0', 'منتج رائع وجودة عالية! أنصح به بشدة.', 8, '2025-12-01T19:23:04.735Z', '2025-12-01T19:23:04.735Z'),
('7e02ae22-c311-4fe8-b049-4aaf3d4f63a7', '5e41bdda-3753-4958-b816-e06c51f13f53', NULL, '45fa37c9-1a12-4915-a273-7666abaf0e7b', 'Amazing product, highly recommended!', 6, '2025-12-01T19:23:04.735Z', '2025-12-01T19:23:04.735Z'),
('711e54b3-58b2-46e9-906b-5d0623c6d2c5', 'd62cd120-2df2-42f9-a786-d3109587b620', NULL, '45fa37c9-1a12-4915-a273-7666abaf0e7b', '传统工艺精湛，质量上乘！', 7, '2025-12-01T19:23:04.736Z', '2025-12-01T19:23:04.736Z'),
('1eeccc5f-dfa1-45b9-8ff0-cb0f26ae5262', '1c650d71-68dc-4421-b419-f245bfce7a5c', NULL, '45fa37c9-1a12-4915-a273-7666abaf0e7b', 'Amazing product, highly recommended!', 9, '2025-12-01T19:23:04.736Z', '2025-12-01T19:23:04.736Z'),
('c2c715ce-2717-44ff-a025-c7d6702bfa2d', '5e41bdda-3753-4958-b816-e06c51f13f53', NULL, '45fa37c9-1a12-4915-a273-7666abaf0e7b', '非常满意，推荐购买！', 8, '2025-12-01T19:23:04.736Z', '2025-12-01T19:23:04.736Z'),
('12529042-8de9-442a-8718-2876ea4cb14d', 'd62cd120-2df2-42f9-a786-d3109587b620', NULL, '269c745a-5823-43da-8cfd-614eb7bed797', '非常满意，推荐购买！', 2, '2025-12-01T19:23:04.736Z', '2025-12-01T19:23:04.736Z'),
('23739a73-0e47-4d8f-8357-0cb66293461b', '77b42438-57dd-4318-aaa0-87a60be0af1d', NULL, '269c745a-5823-43da-8cfd-614eb7bed797', 'Beautiful handmade piece, love it!', 2, '2025-12-01T19:23:04.736Z', '2025-12-01T19:23:04.736Z'),
('726c1f99-d5cb-478d-a3c7-aa2f83bebc40', '5655546b-258d-41be-bf3f-a407a0496447', NULL, '269c745a-5823-43da-8cfd-614eb7bed797', 'منتج رائع وجودة عالية! أنصح به بشدة.', 6, '2025-12-01T19:23:04.737Z', '2025-12-01T19:23:04.737Z'),
('a12c35c3-6657-4804-87e9-90a6210f526b', '7e0d6053-5011-4b1a-a74a-3c9554bb98f5', NULL, '269c745a-5823-43da-8cfd-614eb7bed797', 'منتج يدوي أصيل يستحق كل قرش.', 7, '2025-12-01T19:23:04.737Z', '2025-12-01T19:23:04.737Z'),
('ab6c0ad7-0215-4044-8964-d7c7b3a8d8b0', 'cc0a8985-3ceb-40d8-8932-4baa15f517d4', NULL, '269c745a-5823-43da-8cfd-614eb7bed797', 'منتج رائع وجودة عالية! أنصح به بشدة.', 9, '2025-12-01T19:23:04.737Z', '2025-12-01T19:23:04.737Z'),
('750b01ce-5937-4e94-b8f5-9b8c8e76b152', 'd62cd120-2df2-42f9-a786-d3109587b620', NULL, 'ab16291e-71db-4c76-957f-8c8182770336', 'منتج يدوي أصيل يستحق كل قرش.', 2, '2025-12-01T19:23:04.737Z', '2025-12-01T19:23:04.737Z'),
('eff7e673-ee7c-4974-8b54-297176e17c11', '1e2e4c28-1a82-4744-803a-768c99c6c6f5', NULL, 'ab16291e-71db-4c76-957f-8c8182770336', 'Beautiful handmade piece, love it!', 8, '2025-12-01T19:23:04.738Z', '2025-12-01T19:23:04.738Z'),
('199a20ab-6f51-4a9f-9ee7-a0bb2e0fdfc1', '4eac3e42-ce12-4b11-97d1-af77e3c4f536', NULL, 'ab16291e-71db-4c76-957f-8c8182770336', '非常满意，推荐购买！', 0, '2025-12-01T19:23:04.738Z', '2025-12-01T19:23:04.738Z'),
('38b3ff42-31aa-4b0e-aaf2-944ffcd53291', 'cc0a8985-3ceb-40d8-8932-4baa15f517d4', NULL, '24d230fb-8588-472c-b992-8db36d5f8e3b', '非常满意，推荐购买！', 4, '2025-12-01T19:23:04.738Z', '2025-12-01T19:23:04.738Z'),
('c0108f17-66c3-428e-a925-ccae92a02036', 'd62cd120-2df2-42f9-a786-d3109587b620', NULL, '24d230fb-8588-472c-b992-8db36d5f8e3b', 'Amazing product, highly recommended!', 4, '2025-12-01T19:23:04.738Z', '2025-12-01T19:23:04.738Z'),
('fe6209e6-2a41-4291-85af-ae50aad6372c', '8d69dabc-e346-4ccc-85ef-93594164d012', NULL, '24d230fb-8588-472c-b992-8db36d5f8e3b', '传统工艺精湛，质量上乘！', 9, '2025-12-01T19:23:04.739Z', '2025-12-01T19:23:04.739Z'),
('1232a585-570c-49db-a6f3-bae93bf1ea6c', '7e0d6053-5011-4b1a-a74a-3c9554bb98f5', NULL, '24d230fb-8588-472c-b992-8db36d5f8e3b', 'منتج يدوي أصيل يستحق كل قرش.', 0, '2025-12-01T19:23:04.739Z', '2025-12-01T19:23:04.739Z'),
('a7c2f5c8-3aef-4150-bd25-e6b4bcd14c09', '77b42438-57dd-4318-aaa0-87a60be0af1d', NULL, '24d230fb-8588-472c-b992-8db36d5f8e3b', 'Excellent quality and beautiful craftsmanship!', 9, '2025-12-01T19:23:04.739Z', '2025-12-01T19:23:04.739Z'),
('9699c467-959b-4f2e-a154-ae0bd8b8c11e', '4eac3e42-ce12-4b11-97d1-af77e3c4f536', NULL, '24d230fb-8588-472c-b992-8db36d5f8e3b', '非常满意，推荐购买！', 9, '2025-12-01T19:23:04.739Z', '2025-12-01T19:23:04.739Z'),
('d13026cb-d69c-4d27-b948-c2ede3387397', 'e9887336-983a-4f20-8f1e-b06122e28c23', NULL, '1385ec18-3279-43c1-b44c-373b89c6318a', '传统工艺精湛，质量上乘！', 3, '2025-12-01T19:23:04.739Z', '2025-12-01T19:23:04.739Z'),
('753e9a57-47a1-45ef-beed-68b64599d842', 'dc409d7b-2aa3-40f9-83e8-66985391d35d', NULL, '1385ec18-3279-43c1-b44c-373b89c6318a', 'منتج يدوي أصيل يستحق كل قرش.', 2, '2025-12-01T19:23:04.740Z', '2025-12-01T19:23:04.740Z'),
('806edd60-7ed5-4fd1-b571-4bc1c558888a', 'f6390744-0bce-4f8b-8c30-1ed13afb0a8e', NULL, '1385ec18-3279-43c1-b44c-373b89c6318a', 'Excellent quality and beautiful craftsmanship!', 6, '2025-12-01T19:23:04.740Z', '2025-12-01T19:23:04.740Z'),
('8907c8d6-0559-4d7a-b973-c93b904b2138', '1c650d71-68dc-4421-b419-f245bfce7a5c', NULL, '1385ec18-3279-43c1-b44c-373b89c6318a', 'Amazing product, highly recommended!', 5, '2025-12-01T19:23:04.740Z', '2025-12-01T19:23:04.740Z'),
('7cec8bd2-6261-4609-b9b8-5ec7d4e97559', '8d69dabc-e346-4ccc-85ef-93594164d012', NULL, '44423a00-7167-4a1f-bd8a-d5467e989734', 'Amazing product, highly recommended!', 5, '2025-12-01T19:23:04.740Z', '2025-12-01T19:23:04.740Z'),
('04bfc0d5-3502-44ac-9609-dde5bfd14db4', 'f6390744-0bce-4f8b-8c30-1ed13afb0a8e', NULL, '44423a00-7167-4a1f-bd8a-d5467e989734', 'Amazing product, highly recommended!', 5, '2025-12-01T19:23:04.741Z', '2025-12-01T19:23:04.741Z'),
('919dc6c6-8a4d-4697-a742-de0d31b940ee', 'cc0a8985-3ceb-40d8-8932-4baa15f517d4', NULL, '44423a00-7167-4a1f-bd8a-d5467e989734', 'Beautiful handmade piece, love it!', 5, '2025-12-01T19:23:04.741Z', '2025-12-01T19:23:04.741Z'),
('594d0c71-3ebe-4df2-abcf-6f366f0c6d68', '8d69dabc-e346-4ccc-85ef-93594164d012', NULL, '44423a00-7167-4a1f-bd8a-d5467e989734', 'Beautiful handmade piece, love it!', 3, '2025-12-01T19:23:04.741Z', '2025-12-01T19:23:04.741Z'),
('379a3988-8bd0-4964-99f0-0dc25d36ff44', 'cc0a8985-3ceb-40d8-8932-4baa15f517d4', NULL, 'c8b96ae4-fb06-4350-90c8-a8698924edd9', 'Excellent quality and beautiful craftsmanship!', 2, '2025-12-01T19:23:04.741Z', '2025-12-01T19:23:04.741Z'),
('0c203d4e-9d87-4f71-a056-fa97b3525c68', '8d69dabc-e346-4ccc-85ef-93594164d012', NULL, 'c8b96ae4-fb06-4350-90c8-a8698924edd9', '传统工艺精湛，质量上乘！', 8, '2025-12-01T19:23:04.741Z', '2025-12-01T19:23:04.741Z'),
('e3949385-1588-45cb-b1b1-6037fe28be4b', 'dc409d7b-2aa3-40f9-83e8-66985391d35d', NULL, 'c8b96ae4-fb06-4350-90c8-a8698924edd9', 'جودة ممتازة وتصميم جميل. راضٍ تماماً.', 6, '2025-12-01T19:23:04.742Z', '2025-12-01T19:23:04.742Z'),
('873b7eb7-713f-4666-9b43-97afffecedbc', '5e41bdda-3753-4958-b816-e06c51f13f53', NULL, 'c8b96ae4-fb06-4350-90c8-a8698924edd9', 'منتج يدوي أصيل يستحق كل قرش.', 2, '2025-12-01T19:23:04.742Z', '2025-12-01T19:23:04.742Z'),
('994c581c-d1db-41a1-aaba-ce35adfbd084', '1c650d71-68dc-4421-b419-f245bfce7a5c', NULL, 'c8b96ae4-fb06-4350-90c8-a8698924edd9', '传统工艺精湛，质量上乘！', 3, '2025-12-01T19:23:04.742Z', '2025-12-01T19:23:04.742Z'),
('a1bca90d-3078-44b2-b4dd-5815c326a902', 'd62cd120-2df2-42f9-a786-d3109587b620', NULL, 'c8b96ae4-fb06-4350-90c8-a8698924edd9', 'منتج يدوي أصيل يستحق كل قرش.', 0, '2025-12-01T19:23:04.742Z', '2025-12-01T19:23:04.742Z'),
('e34c2ac8-5212-49fd-82d5-dd3498ca4364', 'd62cd120-2df2-42f9-a786-d3109587b620', NULL, '2f18fe35-6f06-424e-87c0-61b1af4f781d', '传统工艺精湛，质量上乘！', 7, '2025-12-01T19:23:04.743Z', '2025-12-01T19:23:04.743Z'),
('a3531cb2-2247-4d69-bc8d-0c14e8307740', 'e9887336-983a-4f20-8f1e-b06122e28c23', NULL, '2f18fe35-6f06-424e-87c0-61b1af4f781d', 'Beautiful handmade piece, love it!', 0, '2025-12-01T19:23:04.743Z', '2025-12-01T19:23:04.743Z'),
('9caca0f1-b935-4c92-9724-6f972a03464f', '77b42438-57dd-4318-aaa0-87a60be0af1d', NULL, '2f18fe35-6f06-424e-87c0-61b1af4f781d', 'Amazing product, highly recommended!', 6, '2025-12-01T19:23:04.743Z', '2025-12-01T19:23:04.743Z'),
('e76ae8f7-e3d5-42d9-92ff-5634ff086d22', '4eac3e42-ce12-4b11-97d1-af77e3c4f536', NULL, '2f18fe35-6f06-424e-87c0-61b1af4f781d', 'منتج رائع وجودة عالية! أنصح به بشدة.', 2, '2025-12-01T19:23:04.743Z', '2025-12-01T19:23:04.743Z'),
('c31182a6-b855-4a60-8e76-e51de30e6621', '1e2e4c28-1a82-4744-803a-768c99c6c6f5', NULL, '2f18fe35-6f06-424e-87c0-61b1af4f781d', 'Beautiful handmade piece, love it!', 3, '2025-12-01T19:23:04.744Z', '2025-12-01T19:23:04.744Z'),
('c0979a8d-909e-4ee9-952c-5944a0172675', '6b8fb30c-bafa-4fb4-abae-d50b73d9922d', NULL, '2f18fe35-6f06-424e-87c0-61b1af4f781d', 'منتج يدوي أصيل يستحق كل قرش.', 0, '2025-12-01T19:23:04.744Z', '2025-12-01T19:23:04.744Z'),
('8c3a29e8-fe94-404b-a6b6-7ae94eb00dab', '7e0d6053-5011-4b1a-a74a-3c9554bb98f5', NULL, 'cc654583-53f7-4744-a9be-abe404de7f97', '非常满意，推荐购买！', 9, '2025-12-01T19:23:04.744Z', '2025-12-01T19:23:04.744Z'),
('067e141f-1aa2-4df2-a2a8-bcde6499eca7', '50c424df-ec93-46a8-8469-38a9a4b3f397', NULL, 'cc654583-53f7-4744-a9be-abe404de7f97', 'Amazing product, highly recommended!', 1, '2025-12-01T19:23:04.745Z', '2025-12-01T19:23:04.745Z'),
('2af7e13d-9dc3-4a8c-918f-4e32cb2afa55', 'f6390744-0bce-4f8b-8c30-1ed13afb0a8e', NULL, 'cc654583-53f7-4744-a9be-abe404de7f97', 'منتج يدوي أصيل يستحق كل قرش.', 2, '2025-12-01T19:23:04.745Z', '2025-12-01T19:23:04.745Z'),
('9961782a-a038-4903-828c-a0dd6b231a46', '1c650d71-68dc-4421-b419-f245bfce7a5c', NULL, 'cc654583-53f7-4744-a9be-abe404de7f97', '传统工艺精湛，质量上乘！', 0, '2025-12-01T19:23:04.745Z', '2025-12-01T19:23:04.745Z'),
('7e47e76f-d928-4de3-bc03-9e52dcaf4a3c', '6b8fb30c-bafa-4fb4-abae-d50b73d9922d', NULL, '4819da9e-ba0d-4442-995f-05d274f39390', 'Beautiful handmade piece, love it!', 1, '2025-12-01T19:23:04.745Z', '2025-12-01T19:23:04.745Z'),
('2929fc8d-739e-45d6-b9a0-d805a401505f', '8d69dabc-e346-4ccc-85ef-93594164d012', NULL, '4819da9e-ba0d-4442-995f-05d274f39390', '传统工艺精湛，质量上乘！', 8, '2025-12-01T19:23:04.745Z', '2025-12-01T19:23:04.745Z'),
('8c5d5b8d-8e4e-40bf-99d1-6928425cf0af', 'dc409d7b-2aa3-40f9-83e8-66985391d35d', NULL, '2e8da921-a50e-4c16-8e21-e4e34c3ea9bc', '传统工艺精湛，质量上乘！', 6, '2025-12-01T19:23:04.746Z', '2025-12-01T19:23:04.746Z'),
('2684e159-90ed-4a39-9267-8cb28020c992', 'dc409d7b-2aa3-40f9-83e8-66985391d35d', NULL, '2e8da921-a50e-4c16-8e21-e4e34c3ea9bc', 'Amazing product, highly recommended!', 7, '2025-12-01T19:23:04.746Z', '2025-12-01T19:23:04.746Z'),
('4b752dd8-7fb3-46ff-a435-f125175087bb', 'cc0a8985-3ceb-40d8-8932-4baa15f517d4', NULL, '2e8da921-a50e-4c16-8e21-e4e34c3ea9bc', '非常满意，推荐购买！', 8, '2025-12-01T19:23:04.746Z', '2025-12-01T19:23:04.746Z'),
('7fbbcbba-257e-4fe4-bd67-d6028c2e6f95', '4eac3e42-ce12-4b11-97d1-af77e3c4f536', NULL, '2e8da921-a50e-4c16-8e21-e4e34c3ea9bc', 'Excellent quality and beautiful craftsmanship!', 8, '2025-12-01T19:23:04.746Z', '2025-12-01T19:23:04.746Z'),
('986cf720-0896-43cd-bb61-15472739875b', 'dc409d7b-2aa3-40f9-83e8-66985391d35d', NULL, '2e8da921-a50e-4c16-8e21-e4e34c3ea9bc', 'Beautiful handmade piece, love it!', 5, '2025-12-01T19:23:04.746Z', '2025-12-01T19:23:04.746Z'),
('1dbbf083-a662-4d88-be21-1bc5d1ce9d76', '1e2e4c28-1a82-4744-803a-768c99c6c6f5', NULL, '2e8da921-a50e-4c16-8e21-e4e34c3ea9bc', 'Beautiful handmade piece, love it!', 0, '2025-12-01T19:23:04.747Z', '2025-12-01T19:23:04.747Z'),
('583566cc-92b0-4ee1-9bfd-cb0a60741d4f', 'e9887336-983a-4f20-8f1e-b06122e28c23', NULL, 'c27f07a4-b323-476e-80c8-9001f4b2034e', 'منتج رائع وجودة عالية! أنصح به بشدة.', 4, '2025-12-01T19:23:04.747Z', '2025-12-01T19:23:04.747Z'),
('a55320cb-d8c0-472d-a18f-5e020833a71e', '5655546b-258d-41be-bf3f-a407a0496447', NULL, 'c27f07a4-b323-476e-80c8-9001f4b2034e', 'Amazing product, highly recommended!', 8, '2025-12-01T19:23:04.747Z', '2025-12-01T19:23:04.747Z'),
('3ef86f26-a0dc-4bd3-ad71-8a9c50235245', 'dc409d7b-2aa3-40f9-83e8-66985391d35d', NULL, 'c27f07a4-b323-476e-80c8-9001f4b2034e', 'منتج رائع وجودة عالية! أنصح به بشدة.', 2, '2025-12-01T19:23:04.747Z', '2025-12-01T19:23:04.747Z'),
('4c00b9b5-cde9-4a17-8753-60441fe90f2f', '77b42438-57dd-4318-aaa0-87a60be0af1d', NULL, '2020b6a0-7a41-469f-b95e-02ecd85e8ce4', 'Excellent quality and beautiful craftsmanship!', 9, '2025-12-01T19:23:04.748Z', '2025-12-01T19:23:04.748Z'),
('38da36eb-2230-442e-beee-65f597cd2dfb', '4eac3e42-ce12-4b11-97d1-af77e3c4f536', NULL, '2020b6a0-7a41-469f-b95e-02ecd85e8ce4', 'Beautiful handmade piece, love it!', 0, '2025-12-01T19:23:04.748Z', '2025-12-01T19:23:04.748Z'),
('82340779-76ba-43a7-9df6-8e87a8feeb7b', 'f6390744-0bce-4f8b-8c30-1ed13afb0a8e', NULL, '2020b6a0-7a41-469f-b95e-02ecd85e8ce4', 'Excellent quality and beautiful craftsmanship!', 7, '2025-12-01T19:23:04.748Z', '2025-12-01T19:23:04.748Z'),
('e2b249ed-0078-4615-a3df-375513da1733', '50c424df-ec93-46a8-8469-38a9a4b3f397', NULL, '2020b6a0-7a41-469f-b95e-02ecd85e8ce4', 'Excellent quality and beautiful craftsmanship!', 5, '2025-12-01T19:23:04.748Z', '2025-12-01T19:23:04.748Z'),
('6fe9e036-ce0c-4470-9181-e5e8962fc204', 'e9887336-983a-4f20-8f1e-b06122e28c23', NULL, '2020b6a0-7a41-469f-b95e-02ecd85e8ce4', 'منتج يدوي أصيل يستحق كل قرش.', 9, '2025-12-01T19:23:04.749Z', '2025-12-01T19:23:04.749Z'),
('706a73e1-38c0-4162-b7cc-a44f790c1677', '5655546b-258d-41be-bf3f-a407a0496447', NULL, '2020b6a0-7a41-469f-b95e-02ecd85e8ce4', '传统工艺精湛，质量上乘！', 2, '2025-12-01T19:23:04.749Z', '2025-12-01T19:23:04.749Z'),
('d21fd875-1c9e-4b7e-8414-c958c52199be', '5655546b-258d-41be-bf3f-a407a0496447', NULL, '8c08dc0e-d48d-4ce0-8847-70d5cac27d50', 'Beautiful handmade piece, love it!', 3, '2025-12-01T19:23:04.749Z', '2025-12-01T19:23:04.749Z'),
('9765efe0-e8b1-40e5-bfac-9b30a64575c1', '1c650d71-68dc-4421-b419-f245bfce7a5c', NULL, '8c08dc0e-d48d-4ce0-8847-70d5cac27d50', '传统工艺精湛，质量上乘！', 5, '2025-12-01T19:23:04.749Z', '2025-12-01T19:23:04.749Z'),
('c921b567-e88d-4ab9-8e30-103f97d58491', 'cc0a8985-3ceb-40d8-8932-4baa15f517d4', NULL, '8c08dc0e-d48d-4ce0-8847-70d5cac27d50', 'منتج رائع وجودة عالية! أنصح به بشدة.', 3, '2025-12-01T19:23:04.750Z', '2025-12-01T19:23:04.750Z'),
('e156ce0d-deaf-4bf1-bc87-7af7d8601bc8', '5655546b-258d-41be-bf3f-a407a0496447', NULL, '8c08dc0e-d48d-4ce0-8847-70d5cac27d50', 'منتج رائع وجودة عالية! أنصح به بشدة.', 0, '2025-12-01T19:23:04.750Z', '2025-12-01T19:23:04.750Z'),
('344a0db7-b460-4f44-85e9-d6ca15eb791a', '1c650d71-68dc-4421-b419-f245bfce7a5c', NULL, '8c08dc0e-d48d-4ce0-8847-70d5cac27d50', '非常满意，推荐购买！', 0, '2025-12-01T19:23:04.750Z', '2025-12-01T19:23:04.750Z'),
('761c5cf3-3d68-46bf-8484-65210c47329c', 'f6390744-0bce-4f8b-8c30-1ed13afb0a8e', NULL, '8c08dc0e-d48d-4ce0-8847-70d5cac27d50', 'منتج رائع وجودة عالية! أنصح به بشدة.', 1, '2025-12-01T19:23:04.750Z', '2025-12-01T19:23:04.750Z'),
('b9c893fb-45d3-4d86-8301-7f9b9593be14', 'e9887336-983a-4f20-8f1e-b06122e28c23', NULL, '8f8747f2-418c-45aa-bdcd-58a4b9bd0121', '传统工艺精湛，质量上乘！', 0, '2025-12-01T19:23:58.127Z', '2025-12-01T19:23:58.127Z'),
('75ca21ea-dbae-4216-bd6e-30bc3b9481a9', 'd62cd120-2df2-42f9-a786-d3109587b620', NULL, '8f8747f2-418c-45aa-bdcd-58a4b9bd0121', '传统工艺精湛，质量上乘！', 7, '2025-12-01T19:23:58.130Z', '2025-12-01T19:23:58.130Z'),
('7aea7e28-1a14-4464-8324-77c3db6ec517', '5e41bdda-3753-4958-b816-e06c51f13f53', NULL, 'b1cd31f5-3d91-4a0d-a14c-b423728ed437', 'Amazing product, highly recommended!', 4, '2025-12-01T19:23:58.130Z', '2025-12-01T19:23:58.130Z'),
('dcbd5d25-17d5-4247-bf31-8d7cd7375bf9', 'f6390744-0bce-4f8b-8c30-1ed13afb0a8e', NULL, 'b1cd31f5-3d91-4a0d-a14c-b423728ed437', '传统工艺精湛，质量上乘！', 4, '2025-12-01T19:23:58.131Z', '2025-12-01T19:23:58.131Z'),
('ab153ff6-52a0-4a07-9014-d0167e7616ef', '1c650d71-68dc-4421-b419-f245bfce7a5c', NULL, 'b29a9449-c0c6-4e3d-8095-b69e63322fd4', 'Beautiful handmade piece, love it!', 9, '2025-12-01T19:23:58.131Z', '2025-12-01T19:23:58.131Z'),
('f91a6f9f-dbbd-4181-8e67-013295588110', '77b42438-57dd-4318-aaa0-87a60be0af1d', NULL, 'b29a9449-c0c6-4e3d-8095-b69e63322fd4', 'Beautiful handmade piece, love it!', 1, '2025-12-01T19:23:58.132Z', '2025-12-01T19:23:58.132Z'),
('84821869-9ddd-4803-b366-13b44690077e', 'd62cd120-2df2-42f9-a786-d3109587b620', NULL, 'b29a9449-c0c6-4e3d-8095-b69e63322fd4', '传统工艺精湛，质量上乘！', 8, '2025-12-01T19:23:58.132Z', '2025-12-01T19:23:58.132Z'),
('4cf37679-cfa1-4dc2-8a15-e5d8241193b2', '6b8fb30c-bafa-4fb4-abae-d50b73d9922d', NULL, 'b29a9449-c0c6-4e3d-8095-b69e63322fd4', 'Excellent quality and beautiful craftsmanship!', 2, '2025-12-01T19:23:58.132Z', '2025-12-01T19:23:58.132Z'),
('dd33f7f4-cf0f-4aaa-891b-b280c07a298d', '8d69dabc-e346-4ccc-85ef-93594164d012', NULL, 'b29a9449-c0c6-4e3d-8095-b69e63322fd4', '传统工艺精湛，质量上乘！', 8, '2025-12-01T19:23:58.133Z', '2025-12-01T19:23:58.133Z'),
('e280d1f4-f41e-44d3-92a7-296871a8a722', '7e0d6053-5011-4b1a-a74a-3c9554bb98f5', NULL, '6cafb030-9ea6-4ce9-9fe5-637ad88342a3', '非常满意，推荐购买！', 1, '2025-12-01T19:23:58.145Z', '2025-12-01T19:23:58.145Z'),
('267988b9-7bb7-4bbf-ae2b-cbacaf738feb', 'dc409d7b-2aa3-40f9-83e8-66985391d35d', NULL, 'b29a9449-c0c6-4e3d-8095-b69e63322fd4', 'Excellent quality and beautiful craftsmanship!', 5, '2025-12-01T19:23:58.133Z', '2025-12-01T19:23:58.133Z'),
('fef8651b-1519-47d1-b009-62f16ff77e28', 'cc0a8985-3ceb-40d8-8932-4baa15f517d4', NULL, '00134e20-fc64-4863-bc23-060e2cdd5ad5', 'Amazing product, highly recommended!', 4, '2025-12-01T19:23:58.134Z', '2025-12-01T19:23:58.134Z'),
('54cd33b6-a3b3-44b4-8ec0-7a33aa4789df', '1c650d71-68dc-4421-b419-f245bfce7a5c', NULL, '00134e20-fc64-4863-bc23-060e2cdd5ad5', 'منتج يدوي أصيل يستحق كل قرش.', 7, '2025-12-01T19:23:58.135Z', '2025-12-01T19:23:58.135Z'),
('aeaa9917-b1c8-4867-a685-9c0dcfb0405f', '6b8fb30c-bafa-4fb4-abae-d50b73d9922d', NULL, '00134e20-fc64-4863-bc23-060e2cdd5ad5', 'Beautiful handmade piece, love it!', 8, '2025-12-01T19:23:58.135Z', '2025-12-01T19:23:58.135Z'),
('863d9e21-bc4e-4322-a72f-51db662063b7', '1e2e4c28-1a82-4744-803a-768c99c6c6f5', NULL, 'dcd8fbef-748d-410d-b8eb-9c58b6b22e75', 'Beautiful handmade piece, love it!', 8, '2025-12-01T19:23:58.135Z', '2025-12-01T19:23:58.135Z'),
('cd6c9d71-e044-4c0f-84bb-5555c8aceefb', 'd62cd120-2df2-42f9-a786-d3109587b620', NULL, 'dcd8fbef-748d-410d-b8eb-9c58b6b22e75', 'منتج رائع وجودة عالية! أنصح به بشدة.', 8, '2025-12-01T19:23:58.136Z', '2025-12-01T19:23:58.136Z'),
('a303e50d-158e-4ea9-9ae8-5dc3d6594db1', '5e41bdda-3753-4958-b816-e06c51f13f53', NULL, 'dcd8fbef-748d-410d-b8eb-9c58b6b22e75', 'منتج يدوي أصيل يستحق كل قرش.', 4, '2025-12-01T19:23:58.136Z', '2025-12-01T19:23:58.136Z'),
('4b91557b-d8a7-4b22-8169-51c6f88efaaa', '4eac3e42-ce12-4b11-97d1-af77e3c4f536', NULL, 'aa5c81ac-fcc4-44fe-9a70-3dddafb97d24', 'جودة ممتازة وتصميم جميل. راضٍ تماماً.', 9, '2025-12-01T19:23:58.136Z', '2025-12-01T19:23:58.136Z'),
('e627cf96-0c63-4180-b354-0196dcabf0cf', '1e2e4c28-1a82-4744-803a-768c99c6c6f5', NULL, 'aa5c81ac-fcc4-44fe-9a70-3dddafb97d24', 'Excellent quality and beautiful craftsmanship!', 6, '2025-12-01T19:23:58.137Z', '2025-12-01T19:23:58.137Z'),
('22722128-da8c-4c13-b7b0-cd26a76e7b84', '8d69dabc-e346-4ccc-85ef-93594164d012', NULL, 'aa5c81ac-fcc4-44fe-9a70-3dddafb97d24', '非常满意，推荐购买！', 8, '2025-12-01T19:23:58.137Z', '2025-12-01T19:23:58.137Z'),
('282f9bea-2ac7-4cc5-a792-1fc43fa0174b', '5e41bdda-3753-4958-b816-e06c51f13f53', NULL, '25ad70e6-d374-48be-a923-cd377ca9af91', '非常满意，推荐购买！', 3, '2025-12-01T19:23:58.138Z', '2025-12-01T19:23:58.138Z'),
('3f0b863c-0a55-4df6-be4d-cb0d1dd137fa', '77b42438-57dd-4318-aaa0-87a60be0af1d', NULL, '25ad70e6-d374-48be-a923-cd377ca9af91', 'Beautiful handmade piece, love it!', 9, '2025-12-01T19:23:58.138Z', '2025-12-01T19:23:58.138Z'),
('41bd3246-3550-4b30-a4a9-ebe14d9a2858', 'cc0a8985-3ceb-40d8-8932-4baa15f517d4', NULL, '25ad70e6-d374-48be-a923-cd377ca9af91', 'Beautiful handmade piece, love it!', 9, '2025-12-01T19:23:58.138Z', '2025-12-01T19:23:58.138Z'),
('3f1e8cd9-2754-49f3-990f-b4b8f55cf085', '7e0d6053-5011-4b1a-a74a-3c9554bb98f5', NULL, '25ad70e6-d374-48be-a923-cd377ca9af91', 'Excellent quality and beautiful craftsmanship!', 0, '2025-12-01T19:23:58.139Z', '2025-12-01T19:23:58.139Z'),
('60d00f48-c603-4609-bc74-2c117f127b06', '50c424df-ec93-46a8-8469-38a9a4b3f397', NULL, '55c8076a-574f-4e7f-8eb3-5e2f2e21890f', 'جودة ممتازة وتصميم جميل. راضٍ تماماً.', 2, '2025-12-01T19:23:58.139Z', '2025-12-01T19:23:58.139Z'),
('dd2efd24-173a-409c-868f-d8ae46a2b092', 'cc0a8985-3ceb-40d8-8932-4baa15f517d4', NULL, '55c8076a-574f-4e7f-8eb3-5e2f2e21890f', 'منتج رائع وجودة عالية! أنصح به بشدة.', 3, '2025-12-01T19:23:58.139Z', '2025-12-01T19:23:58.139Z'),
('90e25029-33dc-4ecd-9d5f-bd5a859aaf42', '5e41bdda-3753-4958-b816-e06c51f13f53', NULL, '55c8076a-574f-4e7f-8eb3-5e2f2e21890f', 'Amazing product, highly recommended!', 4, '2025-12-01T19:23:58.139Z', '2025-12-01T19:23:58.139Z'),
('8de82e79-a5a8-46bc-a882-a716919421f6', 'd62cd120-2df2-42f9-a786-d3109587b620', NULL, '55c8076a-574f-4e7f-8eb3-5e2f2e21890f', 'جودة ممتازة وتصميم جميل. راضٍ تماماً.', 7, '2025-12-01T19:23:58.140Z', '2025-12-01T19:23:58.140Z'),
('a941f887-37b8-4151-ba24-37469df4d5a5', '7e0d6053-5011-4b1a-a74a-3c9554bb98f5', NULL, '55c8076a-574f-4e7f-8eb3-5e2f2e21890f', '传统工艺精湛，质量上乘！', 8, '2025-12-01T19:23:58.140Z', '2025-12-01T19:23:58.140Z'),
('5f724dc3-a22d-4438-8238-79116dc0809d', 'dc409d7b-2aa3-40f9-83e8-66985391d35d', NULL, '55c8076a-574f-4e7f-8eb3-5e2f2e21890f', 'Excellent quality and beautiful craftsmanship!', 4, '2025-12-01T19:23:58.140Z', '2025-12-01T19:23:58.140Z'),
('2ea80018-e722-4f98-b80e-6256787cfa7e', '77b42438-57dd-4318-aaa0-87a60be0af1d', NULL, '04fc7cd9-e45f-4a8a-9a61-a0766ec406f8', 'Excellent quality and beautiful craftsmanship!', 1, '2025-12-01T19:23:58.140Z', '2025-12-01T19:23:58.140Z'),
('188fd17d-0212-48c7-b5db-7e7c9d660b2b', '7e0d6053-5011-4b1a-a74a-3c9554bb98f5', NULL, '04fc7cd9-e45f-4a8a-9a61-a0766ec406f8', 'جودة ممتازة وتصميم جميل. راضٍ تماماً.', 9, '2025-12-01T19:23:58.140Z', '2025-12-01T19:23:58.140Z'),
('a4cb793e-ba21-4c7f-b9e4-023c263e0bb6', '5655546b-258d-41be-bf3f-a407a0496447', NULL, '04fc7cd9-e45f-4a8a-9a61-a0766ec406f8', 'Beautiful handmade piece, love it!', 3, '2025-12-01T19:23:58.141Z', '2025-12-01T19:23:58.141Z'),
('ad5a2892-0740-41d0-b4cf-af4e592f678f', 'f6390744-0bce-4f8b-8c30-1ed13afb0a8e', NULL, '04fc7cd9-e45f-4a8a-9a61-a0766ec406f8', 'Beautiful handmade piece, love it!', 1, '2025-12-01T19:23:58.141Z', '2025-12-01T19:23:58.141Z'),
('d95fc83c-3ab1-4b26-a5ae-2d339fbbf090', 'd62cd120-2df2-42f9-a786-d3109587b620', NULL, 'ae7dee5f-22d9-459d-b964-dc15abd07289', 'منتج رائع وجودة عالية! أنصح به بشدة.', 5, '2025-12-01T19:23:58.141Z', '2025-12-01T19:23:58.141Z'),
('3e61726e-4b8f-4070-a5aa-9874ec94047c', '1c650d71-68dc-4421-b419-f245bfce7a5c', NULL, 'ae7dee5f-22d9-459d-b964-dc15abd07289', 'Beautiful handmade piece, love it!', 5, '2025-12-01T19:23:58.142Z', '2025-12-01T19:23:58.142Z'),
('91661b64-e244-40a2-a39d-ffc4bfc59ca5', '77b42438-57dd-4318-aaa0-87a60be0af1d', NULL, 'ae7dee5f-22d9-459d-b964-dc15abd07289', 'منتج يدوي أصيل يستحق كل قرش.', 5, '2025-12-01T19:23:58.142Z', '2025-12-01T19:23:58.142Z'),
('ef9c0ab5-4fcf-48d6-836b-ac85864f6485', '5e41bdda-3753-4958-b816-e06c51f13f53', NULL, 'ae7dee5f-22d9-459d-b964-dc15abd07289', 'جودة ممتازة وتصميم جميل. راضٍ تماماً.', 7, '2025-12-01T19:23:58.142Z', '2025-12-01T19:23:58.142Z'),
('d69c0a9a-b889-4e11-a5d5-d97ac31ed998', 'e9887336-983a-4f20-8f1e-b06122e28c23', NULL, 'ae7dee5f-22d9-459d-b964-dc15abd07289', 'منتج يدوي أصيل يستحق كل قرش.', 6, '2025-12-01T19:23:58.142Z', '2025-12-01T19:23:58.142Z'),
('4fe2b550-f550-4786-8076-bb42460831b0', 'd62cd120-2df2-42f9-a786-d3109587b620', NULL, '22706ab4-d4a5-496a-82a7-118fd765569f', '非常满意，推荐购买！', 0, '2025-12-01T19:23:58.143Z', '2025-12-01T19:23:58.143Z'),
('e3c5e19c-4419-4c0d-81e9-363d5607ff8b', 'dc409d7b-2aa3-40f9-83e8-66985391d35d', NULL, '22706ab4-d4a5-496a-82a7-118fd765569f', '传统工艺精湛，质量上乘！', 2, '2025-12-01T19:23:58.143Z', '2025-12-01T19:23:58.143Z'),
('316418e7-7fc9-430c-a0dd-7cd9cf2203f1', '6b8fb30c-bafa-4fb4-abae-d50b73d9922d', NULL, '22706ab4-d4a5-496a-82a7-118fd765569f', 'منتج رائع وجودة عالية! أنصح به بشدة.', 4, '2025-12-01T19:23:58.143Z', '2025-12-01T19:23:58.143Z'),
('13fe40da-aad4-438e-95e7-234b57a9eb0b', '8d69dabc-e346-4ccc-85ef-93594164d012', NULL, '22706ab4-d4a5-496a-82a7-118fd765569f', 'Beautiful handmade piece, love it!', 0, '2025-12-01T19:23:58.143Z', '2025-12-01T19:23:58.143Z'),
('5a838f26-fd93-43d7-9c23-7419ca4e39f4', '1e2e4c28-1a82-4744-803a-768c99c6c6f5', NULL, 'e5dce70e-828f-48bb-9231-5414ec1ed456', 'Beautiful handmade piece, love it!', 1, '2025-12-01T19:23:58.144Z', '2025-12-01T19:23:58.144Z'),
('bdfb0401-9003-462a-abe8-16f51ff1aaff', '1c650d71-68dc-4421-b419-f245bfce7a5c', NULL, 'e5dce70e-828f-48bb-9231-5414ec1ed456', 'منتج رائع وجودة عالية! أنصح به بشدة.', 3, '2025-12-01T19:23:58.144Z', '2025-12-01T19:23:58.144Z'),
('a07e4d82-71b9-4ab6-810f-30a6f58eb801', '5655546b-258d-41be-bf3f-a407a0496447', NULL, '6d2a8592-bf8c-4930-988c-e7f8bb39bb0b', '传统工艺精湛，质量上乘！', 8, '2025-12-01T19:23:58.144Z', '2025-12-01T19:23:58.144Z'),
('e418a47b-1bf6-4196-ab96-8afe2ed0d77c', '1e2e4c28-1a82-4744-803a-768c99c6c6f5', NULL, '6d2a8592-bf8c-4930-988c-e7f8bb39bb0b', 'منتج يدوي أصيل يستحق كل قرش.', 6, '2025-12-01T19:23:58.144Z', '2025-12-01T19:23:58.144Z'),
('0dbaada3-c5cc-464f-9ad2-90d56628d65d', '4eac3e42-ce12-4b11-97d1-af77e3c4f536', NULL, '6cafb030-9ea6-4ce9-9fe5-637ad88342a3', '传统工艺精湛，质量上乘！', 0, '2025-12-01T19:23:58.145Z', '2025-12-01T19:23:58.145Z'),
('e8e5d390-dbd6-4ca8-8cc6-788771fb9872', '5e41bdda-3753-4958-b816-e06c51f13f53', NULL, '6cafb030-9ea6-4ce9-9fe5-637ad88342a3', 'منتج يدوي أصيل يستحق كل قرش.', 5, '2025-12-01T19:23:58.145Z', '2025-12-01T19:23:58.145Z'),
('55f70d58-f94b-41bc-816c-fb6139165158', 'd62cd120-2df2-42f9-a786-d3109587b620', NULL, '55efd5ef-4f6d-4037-a822-30bc4d78da3a', '传统工艺精湛，质量上乘！', 6, '2025-12-01T19:23:58.145Z', '2025-12-01T19:23:58.145Z'),
('ea796b7f-120e-4e0d-9369-507415fa24dc', '5655546b-258d-41be-bf3f-a407a0496447', NULL, '55efd5ef-4f6d-4037-a822-30bc4d78da3a', 'جودة ممتازة وتصميم جميل. راضٍ تماماً.', 1, '2025-12-01T19:23:58.146Z', '2025-12-01T19:23:58.146Z'),
('c37127e1-da5f-48cc-b7bd-7a71d1ef4640', '5655546b-258d-41be-bf3f-a407a0496447', NULL, '55efd5ef-4f6d-4037-a822-30bc4d78da3a', 'Amazing product, highly recommended!', 5, '2025-12-01T19:23:58.146Z', '2025-12-01T19:23:58.146Z'),
('8e68febe-3692-4cec-80e9-8b030f011688', 'd62cd120-2df2-42f9-a786-d3109587b620', NULL, '55efd5ef-4f6d-4037-a822-30bc4d78da3a', '传统工艺精湛，质量上乘！', 0, '2025-12-01T19:23:58.146Z', '2025-12-01T19:23:58.146Z'),
('cfb077c0-612e-4290-bb52-1365d043aad2', '5e41bdda-3753-4958-b816-e06c51f13f53', NULL, '3f0bb8be-6e5d-4a49-935c-c03cac662d20', 'Excellent quality and beautiful craftsmanship!', 2, '2025-12-01T19:23:58.146Z', '2025-12-01T19:23:58.146Z'),
('4faea75f-d59d-4f1f-a3ca-5287fd0b5635', '4eac3e42-ce12-4b11-97d1-af77e3c4f536', NULL, '3f0bb8be-6e5d-4a49-935c-c03cac662d20', 'جودة ممتازة وتصميم جميل. راضٍ تماماً.', 9, '2025-12-01T19:23:58.146Z', '2025-12-01T19:23:58.146Z'),
('c74517d5-56d6-473f-858b-1efdbca4b4bf', '8d69dabc-e346-4ccc-85ef-93594164d012', NULL, '3f0bb8be-6e5d-4a49-935c-c03cac662d20', 'منتج يدوي أصيل يستحق كل قرش.', 8, '2025-12-01T19:23:58.147Z', '2025-12-01T19:23:58.147Z'),
('d0b6bff2-0ce9-4911-b34e-43496c780cad', '1e2e4c28-1a82-4744-803a-768c99c6c6f5', NULL, '3f0bb8be-6e5d-4a49-935c-c03cac662d20', 'منتج رائع وجودة عالية! أنصح به بشدة.', 5, '2025-12-01T19:23:58.147Z', '2025-12-01T19:23:58.147Z'),
('26df3f5a-911b-4637-93bd-f7ecb4078ff8', 'f6390744-0bce-4f8b-8c30-1ed13afb0a8e', NULL, '3f0bb8be-6e5d-4a49-935c-c03cac662d20', 'Excellent quality and beautiful craftsmanship!', 5, '2025-12-01T19:23:58.147Z', '2025-12-01T19:23:58.147Z'),
('355955fc-2442-40a5-ba0f-f58be0e4f42d', '7e0d6053-5011-4b1a-a74a-3c9554bb98f5', NULL, '3f0bb8be-6e5d-4a49-935c-c03cac662d20', 'منتج رائع وجودة عالية! أنصح به بشدة.', 6, '2025-12-01T19:23:58.148Z', '2025-12-01T19:23:58.148Z'),
('225976ff-261b-4a9a-8427-7e1e63599fca', '5655546b-258d-41be-bf3f-a407a0496447', NULL, '94381cbb-3ca1-4206-83c9-74463e2f94de', '非常满意，推荐购买！', 1, '2025-12-01T19:23:58.148Z', '2025-12-01T19:23:58.148Z'),
('0df00199-024a-46b4-9b31-175457cdff0b', '77b42438-57dd-4318-aaa0-87a60be0af1d', NULL, '94381cbb-3ca1-4206-83c9-74463e2f94de', '非常满意，推荐购买！', 3, '2025-12-01T19:23:58.148Z', '2025-12-01T19:23:58.148Z'),
('56ab2d35-9c4f-408d-8e11-e3a369f658fe', '1e2e4c28-1a82-4744-803a-768c99c6c6f5', NULL, '94381cbb-3ca1-4206-83c9-74463e2f94de', '非常满意，推荐购买！', 2, '2025-12-01T19:23:58.149Z', '2025-12-01T19:23:58.149Z'),
('a9038fb1-5cbb-4d3a-b24f-3ab31e79acf4', '50c424df-ec93-46a8-8469-38a9a4b3f397', NULL, '94381cbb-3ca1-4206-83c9-74463e2f94de', 'منتج يدوي أصيل يستحق كل قرش.', 8, '2025-12-01T19:23:58.149Z', '2025-12-01T19:23:58.149Z'),
('87662591-4bf1-4ca1-9b49-60001a5c46c4', '4eac3e42-ce12-4b11-97d1-af77e3c4f536', NULL, '94381cbb-3ca1-4206-83c9-74463e2f94de', 'Beautiful handmade piece, love it!', 8, '2025-12-01T19:23:58.149Z', '2025-12-01T19:23:58.149Z'),
('5ce053c5-5102-44e1-86a6-d799f4cbac3e', 'dc409d7b-2aa3-40f9-83e8-66985391d35d', NULL, '94381cbb-3ca1-4206-83c9-74463e2f94de', 'Beautiful handmade piece, love it!', 7, '2025-12-01T19:23:58.149Z', '2025-12-01T19:23:58.149Z'),
('7d9c7b7b-44ee-42fe-acf8-811510bc4f34', 'e9887336-983a-4f20-8f1e-b06122e28c23', NULL, '9fd9f8b0-017f-4c64-ae67-73bb02d419ff', 'Beautiful handmade piece, love it!', 9, '2025-12-01T19:23:58.150Z', '2025-12-01T19:23:58.150Z'),
('9017cf76-9b8a-4c23-8366-64dd37dc489c', '5655546b-258d-41be-bf3f-a407a0496447', NULL, '9fd9f8b0-017f-4c64-ae67-73bb02d419ff', '非常满意，推荐购买！', 3, '2025-12-01T19:23:58.150Z', '2025-12-01T19:23:58.150Z'),
('37d0ebdf-62a8-4a45-96fd-eedc89e3d6ba', '5e41bdda-3753-4958-b816-e06c51f13f53', NULL, '9fd9f8b0-017f-4c64-ae67-73bb02d419ff', 'جودة ممتازة وتصميم جميل. راضٍ تماماً.', 0, '2025-12-01T19:23:58.150Z', '2025-12-01T19:23:58.150Z'),
('79000fb3-99ef-4003-9cae-f07740f980f7', 'cc0a8985-3ceb-40d8-8932-4baa15f517d4', NULL, 'e6afaa34-a7dc-4d26-8dbf-9b6609957800', 'منتج يدوي أصيل يستحق كل قرش.', 0, '2025-12-01T19:23:58.151Z', '2025-12-01T19:23:58.151Z'),
('0bd73147-3564-4c75-941f-8e5aaa26206d', '77b42438-57dd-4318-aaa0-87a60be0af1d', NULL, 'e6afaa34-a7dc-4d26-8dbf-9b6609957800', 'جودة ممتازة وتصميم جميل. راضٍ تماماً.', 5, '2025-12-01T19:23:58.151Z', '2025-12-01T19:23:58.151Z'),
('6e8ab170-4f8f-4cd6-aba6-3df8a2376fef', '50c424df-ec93-46a8-8469-38a9a4b3f397', NULL, 'e6afaa34-a7dc-4d26-8dbf-9b6609957800', 'جودة ممتازة وتصميم جميل. راضٍ تماماً.', 0, '2025-12-01T19:23:58.151Z', '2025-12-01T19:23:58.151Z'),
('85f35afc-9952-4f80-8204-1629d1647158', '50c424df-ec93-46a8-8469-38a9a4b3f397', NULL, '1ad990c3-2fd8-4e4d-b13e-5a3c771c0c26', '传统工艺精湛，质量上乘！', 8, '2025-12-01T19:23:58.151Z', '2025-12-01T19:23:58.151Z'),
('21606dd7-c218-4557-9261-204869ac5543', 'dc409d7b-2aa3-40f9-83e8-66985391d35d', NULL, '1ad990c3-2fd8-4e4d-b13e-5a3c771c0c26', 'Excellent quality and beautiful craftsmanship!', 0, '2025-12-01T19:23:58.151Z', '2025-12-01T19:23:58.151Z'),
('7488ee40-8d2b-4ae3-82d6-992f4883ad1a', '5e41bdda-3753-4958-b816-e06c51f13f53', NULL, '1ad990c3-2fd8-4e4d-b13e-5a3c771c0c26', 'Excellent quality and beautiful craftsmanship!', 8, '2025-12-01T19:23:58.152Z', '2025-12-01T19:23:58.152Z'),
('3c4689bb-a764-4f07-aed8-adeea09a6276', '4eac3e42-ce12-4b11-97d1-af77e3c4f536', NULL, '8cf182cb-c4c8-49b4-8938-8d25df472841', 'Amazing product, highly recommended!', 1, '2025-12-01T19:23:58.152Z', '2025-12-01T19:23:58.152Z'),
('f0a1bf00-be15-4d89-b4ec-b73bff9c0a9d', 'cc0a8985-3ceb-40d8-8932-4baa15f517d4', NULL, '8cf182cb-c4c8-49b4-8938-8d25df472841', 'Beautiful handmade piece, love it!', 6, '2025-12-01T19:23:58.152Z', '2025-12-01T19:23:58.152Z'),
('a3f6c54f-b816-43c8-a3c4-33960329b0ba', '1e2e4c28-1a82-4744-803a-768c99c6c6f5', NULL, '8cf182cb-c4c8-49b4-8938-8d25df472841', '传统工艺精湛，质量上乘！', 4, '2025-12-01T19:23:58.152Z', '2025-12-01T19:23:58.152Z'),
('e73bfe3e-b547-4dbf-8dfb-ef09cd8fc251', 'f6390744-0bce-4f8b-8c30-1ed13afb0a8e', NULL, '8cf182cb-c4c8-49b4-8938-8d25df472841', 'جودة ممتازة وتصميم جميل. راضٍ تماماً.', 2, '2025-12-01T19:23:58.152Z', '2025-12-01T19:23:58.152Z'),
('9bc6035a-79fc-4fd6-90fa-b0b100405eb1', 'd62cd120-2df2-42f9-a786-d3109587b620', NULL, '4a319508-847b-4cce-8449-85380091005d', 'Excellent quality and beautiful craftsmanship!', 4, '2025-12-01T19:23:58.152Z', '2025-12-01T19:23:58.152Z'),
('fa18f1ef-edec-436c-b724-903ce385906b', '1c650d71-68dc-4421-b419-f245bfce7a5c', NULL, '4a319508-847b-4cce-8449-85380091005d', 'منتج رائع وجودة عالية! أنصح به بشدة.', 7, '2025-12-01T19:23:58.153Z', '2025-12-01T19:23:58.153Z'),
('8da996c1-85c8-42a5-a974-cf8e1b8ac2e0', 'e9887336-983a-4f20-8f1e-b06122e28c23', NULL, '4a319508-847b-4cce-8449-85380091005d', 'منتج يدوي أصيل يستحق كل قرش.', 5, '2025-12-01T19:23:58.153Z', '2025-12-01T19:23:58.153Z'),
('69694c40-f905-40c0-b632-793615a4b243', '7e0d6053-5011-4b1a-a74a-3c9554bb98f5', NULL, '4a319508-847b-4cce-8449-85380091005d', '传统工艺精湛，质量上乘！', 0, '2025-12-01T19:23:58.153Z', '2025-12-01T19:23:58.153Z'),
('b0e18d65-e299-4bb7-b17d-47ba089fd058', '77b42438-57dd-4318-aaa0-87a60be0af1d', NULL, 'cf1d9d04-cff8-48c4-81ae-45c478d2f1e0', 'منتج رائع وجودة عالية! أنصح به بشدة.', 3, '2025-12-01T19:23:58.153Z', '2025-12-01T19:23:58.153Z'),
('5c7ebb0a-cb52-4a62-b552-09b6e2cca4aa', '6b8fb30c-bafa-4fb4-abae-d50b73d9922d', NULL, 'cf1d9d04-cff8-48c4-81ae-45c478d2f1e0', 'Excellent quality and beautiful craftsmanship!', 6, '2025-12-01T19:23:58.153Z', '2025-12-01T19:23:58.153Z'),
('6da185a7-89bc-48fb-aa30-a66ce7c8d9c7', '8d69dabc-e346-4ccc-85ef-93594164d012', NULL, 'cf1d9d04-cff8-48c4-81ae-45c478d2f1e0', 'جودة ممتازة وتصميم جميل. راضٍ تماماً.', 1, '2025-12-01T19:23:58.153Z', '2025-12-01T19:23:58.153Z'),
('0ac64b02-bfd5-4d7f-b224-fdc4b745cd57', 'f6390744-0bce-4f8b-8c30-1ed13afb0a8e', NULL, 'cf1d9d04-cff8-48c4-81ae-45c478d2f1e0', 'Amazing product, highly recommended!', 2, '2025-12-01T19:23:58.154Z', '2025-12-01T19:23:58.154Z'),
('a0009b73-0b12-4a24-917e-2b7624012a2b', '4eac3e42-ce12-4b11-97d1-af77e3c4f536', NULL, 'cf1d9d04-cff8-48c4-81ae-45c478d2f1e0', '传统工艺精湛，质量上乘！', 5, '2025-12-01T19:23:58.154Z', '2025-12-01T19:23:58.154Z'),
('7c143238-77d8-49ac-86f3-9573a838ec61', '1c650d71-68dc-4421-b419-f245bfce7a5c', NULL, 'fbf38e52-860e-4c2c-b732-6860979ce0a3', 'Amazing product, highly recommended!', 1, '2025-12-01T19:23:58.160Z', '2025-12-01T19:23:58.160Z'),
('d6be75b1-3279-4d10-9cac-129a57e047c9', '50c424df-ec93-46a8-8469-38a9a4b3f397', NULL, '7a126b78-5d70-4225-9e6b-672929d0471f', 'Excellent quality and beautiful craftsmanship!', 9, '2025-12-01T19:23:58.154Z', '2025-12-01T19:23:58.154Z'),
('8f0abc4a-9f8b-4ba5-a177-d207c2585b42', '77b42438-57dd-4318-aaa0-87a60be0af1d', NULL, '7a126b78-5d70-4225-9e6b-672929d0471f', 'منتج يدوي أصيل يستحق كل قرش.', 9, '2025-12-01T19:23:58.154Z', '2025-12-01T19:23:58.154Z'),
('f5c1892f-917f-4fa4-aed8-1182c10f8c20', '5655546b-258d-41be-bf3f-a407a0496447', NULL, '7a126b78-5d70-4225-9e6b-672929d0471f', 'Excellent quality and beautiful craftsmanship!', 9, '2025-12-01T19:23:58.154Z', '2025-12-01T19:23:58.154Z'),
('0e52ea22-2179-4f98-9214-c0630fc6b766', '8d69dabc-e346-4ccc-85ef-93594164d012', NULL, '58acb13d-4050-4d54-8012-fdfcf2996e85', 'Beautiful handmade piece, love it!', 2, '2025-12-01T19:23:58.154Z', '2025-12-01T19:23:58.154Z'),
('059ba166-7854-4791-94f9-dba4f326bd78', '1c650d71-68dc-4421-b419-f245bfce7a5c', NULL, '58acb13d-4050-4d54-8012-fdfcf2996e85', 'منتج رائع وجودة عالية! أنصح به بشدة.', 0, '2025-12-01T19:23:58.154Z', '2025-12-01T19:23:58.154Z'),
('89a52f50-da92-4c0d-ba7f-8e700d3ee502', '1e2e4c28-1a82-4744-803a-768c99c6c6f5', NULL, 'e5ebb7e8-f386-42e4-b74d-57d49d1ae9a2', '非常满意，推荐购买！', 1, '2025-12-01T19:23:58.155Z', '2025-12-01T19:23:58.155Z'),
('53357899-78d5-4fb0-b8b1-7025ed27784a', 'f6390744-0bce-4f8b-8c30-1ed13afb0a8e', NULL, 'e5ebb7e8-f386-42e4-b74d-57d49d1ae9a2', 'منتج يدوي أصيل يستحق كل قرش.', 8, '2025-12-01T19:23:58.155Z', '2025-12-01T19:23:58.155Z'),
('28c3a449-f6ef-4aa9-9cb6-be9767cd8c71', '8d69dabc-e346-4ccc-85ef-93594164d012', NULL, 'e5ebb7e8-f386-42e4-b74d-57d49d1ae9a2', 'منتج يدوي أصيل يستحق كل قرش.', 7, '2025-12-01T19:23:58.155Z', '2025-12-01T19:23:58.155Z'),
('9421f332-f0f5-4850-ad77-02385b983278', 'e9887336-983a-4f20-8f1e-b06122e28c23', NULL, 'e5ebb7e8-f386-42e4-b74d-57d49d1ae9a2', '非常满意，推荐购买！', 6, '2025-12-01T19:23:58.155Z', '2025-12-01T19:23:58.155Z'),
('020d4a4c-aec7-48e5-bcdf-3ca23f078ae9', 'e9887336-983a-4f20-8f1e-b06122e28c23', NULL, '4b9cfc8d-fef6-44e3-ac92-699bc709c9e1', 'Beautiful handmade piece, love it!', 2, '2025-12-01T19:23:58.155Z', '2025-12-01T19:23:58.155Z'),
('c473d40f-a31c-41d8-9f86-1230018e8cca', '1e2e4c28-1a82-4744-803a-768c99c6c6f5', NULL, '4b9cfc8d-fef6-44e3-ac92-699bc709c9e1', '非常满意，推荐购买！', 4, '2025-12-01T19:23:58.155Z', '2025-12-01T19:23:58.155Z'),
('2fb445bb-7410-4263-acc2-1d665c4dbf16', '1e2e4c28-1a82-4744-803a-768c99c6c6f5', NULL, '4b9cfc8d-fef6-44e3-ac92-699bc709c9e1', 'منتج رائع وجودة عالية! أنصح به بشدة.', 5, '2025-12-01T19:23:58.156Z', '2025-12-01T19:23:58.156Z'),
('a480be38-ef22-46ef-980f-3929491b0943', 'e9887336-983a-4f20-8f1e-b06122e28c23', NULL, '4b9cfc8d-fef6-44e3-ac92-699bc709c9e1', 'Amazing product, highly recommended!', 1, '2025-12-01T19:23:58.156Z', '2025-12-01T19:23:58.156Z'),
('a8682708-32ed-4f92-bddd-85a0461334c1', '6b8fb30c-bafa-4fb4-abae-d50b73d9922d', NULL, '4b9cfc8d-fef6-44e3-ac92-699bc709c9e1', 'Amazing product, highly recommended!', 7, '2025-12-01T19:23:58.156Z', '2025-12-01T19:23:58.156Z'),
('437a4d14-df11-44d1-99d8-db3c4a40e6ed', '6b8fb30c-bafa-4fb4-abae-d50b73d9922d', NULL, '4b9cfc8d-fef6-44e3-ac92-699bc709c9e1', 'Amazing product, highly recommended!', 6, '2025-12-01T19:23:58.156Z', '2025-12-01T19:23:58.156Z'),
('c31c88de-8e18-413a-86c5-a4c0e34544e0', '50c424df-ec93-46a8-8469-38a9a4b3f397', NULL, 'd67c7d6c-2516-48b6-a113-7c442da9507c', 'Excellent quality and beautiful craftsmanship!', 6, '2025-12-01T19:23:58.156Z', '2025-12-01T19:23:58.156Z'),
('fea70360-0277-4b1a-a374-831ad00c29e1', 'e9887336-983a-4f20-8f1e-b06122e28c23', NULL, 'd67c7d6c-2516-48b6-a113-7c442da9507c', '非常满意，推荐购买！', 3, '2025-12-01T19:23:58.157Z', '2025-12-01T19:23:58.157Z'),
('aafddcde-4400-44c2-b099-933dee6a749a', '8d69dabc-e346-4ccc-85ef-93594164d012', NULL, 'd67c7d6c-2516-48b6-a113-7c442da9507c', '传统工艺精湛，质量上乘！', 6, '2025-12-01T19:23:58.157Z', '2025-12-01T19:23:58.157Z'),
('47c4d2dc-6dbd-4e78-aa7d-db9495e9525b', '8d69dabc-e346-4ccc-85ef-93594164d012', NULL, 'd67c7d6c-2516-48b6-a113-7c442da9507c', 'Amazing product, highly recommended!', 7, '2025-12-01T19:23:58.157Z', '2025-12-01T19:23:58.157Z'),
('c390f4d3-bdf8-4cb3-bf44-28f0a1cb522a', 'cc0a8985-3ceb-40d8-8932-4baa15f517d4', NULL, 'd67c7d6c-2516-48b6-a113-7c442da9507c', 'Beautiful handmade piece, love it!', 5, '2025-12-01T19:23:58.157Z', '2025-12-01T19:23:58.157Z'),
('43e8b6f3-b180-4165-afcb-f5efcb2a9496', 'f6390744-0bce-4f8b-8c30-1ed13afb0a8e', NULL, 'd67c7d6c-2516-48b6-a113-7c442da9507c', 'Amazing product, highly recommended!', 0, '2025-12-01T19:23:58.157Z', '2025-12-01T19:23:58.157Z'),
('9095f40c-e548-441d-8569-0187243967b0', '4eac3e42-ce12-4b11-97d1-af77e3c4f536', NULL, '2ba16fe9-121d-4258-832a-fdaf5efa0153', '非常满意，推荐购买！', 5, '2025-12-01T19:23:58.157Z', '2025-12-01T19:23:58.157Z'),
('e207e708-f1af-4552-8c26-96c32687d1f5', '1c650d71-68dc-4421-b419-f245bfce7a5c', NULL, '2ba16fe9-121d-4258-832a-fdaf5efa0153', '传统工艺精湛，质量上乘！', 1, '2025-12-01T19:23:58.157Z', '2025-12-01T19:23:58.157Z'),
('192dfde8-8f69-404e-9171-17f0863c6183', '1e2e4c28-1a82-4744-803a-768c99c6c6f5', NULL, '2ba16fe9-121d-4258-832a-fdaf5efa0153', 'منتج يدوي أصيل يستحق كل قرش.', 0, '2025-12-01T19:23:58.158Z', '2025-12-01T19:23:58.158Z'),
('858b0d6b-0927-4250-a16a-2d80c0d2726f', 'e9887336-983a-4f20-8f1e-b06122e28c23', NULL, 'e337d74a-02ba-414b-9e73-c1ff3b566f2c', '传统工艺精湛，质量上乘！', 6, '2025-12-01T19:23:58.158Z', '2025-12-01T19:23:58.158Z'),
('85d4047c-e2fc-4991-ab08-a55a047aa683', '50c424df-ec93-46a8-8469-38a9a4b3f397', NULL, 'e337d74a-02ba-414b-9e73-c1ff3b566f2c', 'جودة ممتازة وتصميم جميل. راضٍ تماماً.', 5, '2025-12-01T19:23:58.158Z', '2025-12-01T19:23:58.158Z'),
('21f714e2-28ec-406a-a19e-a5196c782824', '6b8fb30c-bafa-4fb4-abae-d50b73d9922d', NULL, 'e337d74a-02ba-414b-9e73-c1ff3b566f2c', 'منتج رائع وجودة عالية! أنصح به بشدة.', 2, '2025-12-01T19:23:58.158Z', '2025-12-01T19:23:58.158Z'),
('1a562404-fd01-4c45-b1eb-55b31acfca17', '6b8fb30c-bafa-4fb4-abae-d50b73d9922d', NULL, 'e337d74a-02ba-414b-9e73-c1ff3b566f2c', '传统工艺精湛，质量上乘！', 1, '2025-12-01T19:23:58.158Z', '2025-12-01T19:23:58.158Z'),
('68e2d32d-9e36-421e-b4d6-83f9ef814f87', '6b8fb30c-bafa-4fb4-abae-d50b73d9922d', NULL, 'c67c103c-0f42-49e3-ad91-1b3beb93bce9', '非常满意，推荐购买！', 4, '2025-12-01T19:23:58.158Z', '2025-12-01T19:23:58.158Z'),
('ec8e68fe-6964-4877-8647-855777c198ae', '4eac3e42-ce12-4b11-97d1-af77e3c4f536', NULL, 'c67c103c-0f42-49e3-ad91-1b3beb93bce9', 'Amazing product, highly recommended!', 0, '2025-12-01T19:23:58.159Z', '2025-12-01T19:23:58.159Z'),
('ef7be5d3-b934-4e64-bbdd-3208d532b06b', 'e9887336-983a-4f20-8f1e-b06122e28c23', NULL, 'c67c103c-0f42-49e3-ad91-1b3beb93bce9', 'Beautiful handmade piece, love it!', 4, '2025-12-01T19:23:58.159Z', '2025-12-01T19:23:58.159Z'),
('0f0b869d-8e05-4ac6-bde5-a1b425dd183d', 'f6390744-0bce-4f8b-8c30-1ed13afb0a8e', NULL, 'c67c103c-0f42-49e3-ad91-1b3beb93bce9', 'Amazing product, highly recommended!', 2, '2025-12-01T19:23:58.159Z', '2025-12-01T19:23:58.159Z'),
('6fb64ca2-22d5-4b98-81df-53e69ea9b68d', 'cc0a8985-3ceb-40d8-8932-4baa15f517d4', NULL, 'c67c103c-0f42-49e3-ad91-1b3beb93bce9', 'منتج يدوي أصيل يستحق كل قرش.', 5, '2025-12-01T19:23:58.159Z', '2025-12-01T19:23:58.159Z'),
('ec5a58dd-98fc-4482-b360-41981483d2c4', 'cc0a8985-3ceb-40d8-8932-4baa15f517d4', NULL, 'c67c103c-0f42-49e3-ad91-1b3beb93bce9', 'Amazing product, highly recommended!', 8, '2025-12-01T19:23:58.159Z', '2025-12-01T19:23:58.159Z'),
('b2254829-f7e8-4118-9fc3-bd6c38180a3e', '8d69dabc-e346-4ccc-85ef-93594164d012', NULL, '81359bf0-c8bd-4479-bebf-1dca60c4764f', 'Excellent quality and beautiful craftsmanship!', 9, '2025-12-01T19:23:58.159Z', '2025-12-01T19:23:58.159Z'),
('c49d5fd5-e405-4b59-8be9-617eb834e1d4', '7e0d6053-5011-4b1a-a74a-3c9554bb98f5', NULL, '81359bf0-c8bd-4479-bebf-1dca60c4764f', 'Amazing product, highly recommended!', 2, '2025-12-01T19:23:58.160Z', '2025-12-01T19:23:58.160Z'),
('b6525782-b980-4b9b-9c2b-16b285a866da', 'e9887336-983a-4f20-8f1e-b06122e28c23', NULL, '81359bf0-c8bd-4479-bebf-1dca60c4764f', '传统工艺精湛，质量上乘！', 8, '2025-12-01T19:23:58.160Z', '2025-12-01T19:23:58.160Z'),
('e4f72141-ccd8-4cf8-9695-ff1e8400e935', '77b42438-57dd-4318-aaa0-87a60be0af1d', NULL, 'fbf38e52-860e-4c2c-b732-6860979ce0a3', 'Beautiful handmade piece, love it!', 5, '2025-12-01T19:23:58.160Z', '2025-12-01T19:23:58.160Z'),
('8a692305-8688-4178-b1b3-411db78dd59a', '77b42438-57dd-4318-aaa0-87a60be0af1d', NULL, 'fbf38e52-860e-4c2c-b732-6860979ce0a3', 'Beautiful handmade piece, love it!', 7, '2025-12-01T19:23:58.160Z', '2025-12-01T19:23:58.160Z'),
('96d9125d-24cd-46f1-a86e-ea8c95ef0e96', '5e41bdda-3753-4958-b816-e06c51f13f53', NULL, 'fbf38e52-860e-4c2c-b732-6860979ce0a3', 'Excellent quality and beautiful craftsmanship!', 7, '2025-12-01T19:23:58.160Z', '2025-12-01T19:23:58.160Z'),
('1be65bf7-6382-4f9d-af8e-52b1239407fe', '5e41bdda-3753-4958-b816-e06c51f13f53', NULL, '96ac29e8-fe1f-4a96-b5c9-5a5841b011a9', '传统工艺精湛，质量上乘！', 9, '2025-12-01T19:23:58.161Z', '2025-12-01T19:23:58.161Z'),
('625f882a-e765-4942-95d9-5125d0245885', '8d69dabc-e346-4ccc-85ef-93594164d012', NULL, '96ac29e8-fe1f-4a96-b5c9-5a5841b011a9', 'منتج يدوي أصيل يستحق كل قرش.', 1, '2025-12-01T19:23:58.161Z', '2025-12-01T19:23:58.161Z'),
('7cfab7e6-53b0-47ab-9d41-9ed77725089a', 'd62cd120-2df2-42f9-a786-d3109587b620', NULL, '3d6e8daf-fd8d-43ef-af02-a2b62877ab5a', 'جودة ممتازة وتصميم جميل. راضٍ تماماً.', 0, '2025-12-01T19:23:58.161Z', '2025-12-01T19:23:58.161Z'),
('b20cdd61-a576-4ba0-a195-091583b31d60', 'f6390744-0bce-4f8b-8c30-1ed13afb0a8e', NULL, '3d6e8daf-fd8d-43ef-af02-a2b62877ab5a', 'جودة ممتازة وتصميم جميل. راضٍ تماماً.', 2, '2025-12-01T19:23:58.161Z', '2025-12-01T19:23:58.161Z'),
('fb473cd8-1546-42fa-8b58-9b8bf76424fe', '7e0d6053-5011-4b1a-a74a-3c9554bb98f5', NULL, '3d6e8daf-fd8d-43ef-af02-a2b62877ab5a', 'جودة ممتازة وتصميم جميل. راضٍ تماماً.', 4, '2025-12-01T19:23:58.161Z', '2025-12-01T19:23:58.161Z'),
('635d0e2e-2728-464b-aa5d-e72e85b00197', '7e0d6053-5011-4b1a-a74a-3c9554bb98f5', NULL, '3d6e8daf-fd8d-43ef-af02-a2b62877ab5a', '非常满意，推荐购买！', 9, '2025-12-01T19:23:58.161Z', '2025-12-01T19:23:58.161Z'),
('6cf9a577-7f03-4fa7-9d0f-48f89578ae7d', 'cc0a8985-3ceb-40d8-8932-4baa15f517d4', NULL, '1ffd59e6-c53b-4cbb-85dc-93f4df20d014', '传统工艺精湛，质量上乘！', 2, '2025-12-01T19:23:58.162Z', '2025-12-01T19:23:58.162Z'),
('2d3f7a0f-c414-4c4f-b288-f94b60c38e55', '7e0d6053-5011-4b1a-a74a-3c9554bb98f5', NULL, '1ffd59e6-c53b-4cbb-85dc-93f4df20d014', 'Amazing product, highly recommended!', 6, '2025-12-01T19:23:58.162Z', '2025-12-01T19:23:58.162Z'),
('6d4d10ca-8e0d-4498-9eb6-7b8f71d0b222', 'f6390744-0bce-4f8b-8c30-1ed13afb0a8e', NULL, '1ffd59e6-c53b-4cbb-85dc-93f4df20d014', 'جودة ممتازة وتصميم جميل. راضٍ تماماً.', 8, '2025-12-01T19:23:58.162Z', '2025-12-01T19:23:58.162Z'),
('700a65a1-7423-457e-839e-daf76210ae73', 'e9887336-983a-4f20-8f1e-b06122e28c23', NULL, '6346b986-829c-43c0-873b-4abc0232a8dc', 'Amazing product, highly recommended!', 8, '2025-12-01T19:23:58.162Z', '2025-12-01T19:23:58.162Z'),
('15ce119b-a804-401f-8b22-9aa5095e8c6f', 'cc0a8985-3ceb-40d8-8932-4baa15f517d4', NULL, '6346b986-829c-43c0-873b-4abc0232a8dc', 'Amazing product, highly recommended!', 8, '2025-12-01T19:23:58.162Z', '2025-12-01T19:23:58.162Z'),
('5516395c-c7de-4497-9b00-37f078316182', '5e41bdda-3753-4958-b816-e06c51f13f53', NULL, '6346b986-829c-43c0-873b-4abc0232a8dc', 'جودة ممتازة وتصميم جميل. راضٍ تماماً.', 8, '2025-12-01T19:23:58.162Z', '2025-12-01T19:23:58.162Z'),
('e7a82889-895d-4156-b7d7-707625a2e884', '7e0d6053-5011-4b1a-a74a-3c9554bb98f5', NULL, '6346b986-829c-43c0-873b-4abc0232a8dc', 'Beautiful handmade piece, love it!', 9, '2025-12-01T19:23:58.163Z', '2025-12-01T19:23:58.163Z'),
('9dea9f23-b6e8-4d0b-a31e-7d527eafeaad', 'dc409d7b-2aa3-40f9-83e8-66985391d35d', NULL, '77c9f4a2-a68f-4125-ae04-1ab19f6898b1', 'Excellent quality and beautiful craftsmanship!', 5, '2025-12-01T19:23:58.163Z', '2025-12-01T19:23:58.163Z'),
('d3601e9e-3804-4e59-9c9b-6ca857a44df3', '5e41bdda-3753-4958-b816-e06c51f13f53', NULL, '77c9f4a2-a68f-4125-ae04-1ab19f6898b1', 'Beautiful handmade piece, love it!', 3, '2025-12-01T19:23:58.163Z', '2025-12-01T19:23:58.163Z'),
('6a79cd74-9cd0-4d18-bcfb-fa027292d113', '5655546b-258d-41be-bf3f-a407a0496447', NULL, 'd2c8dda4-56f8-47ac-9187-7d952bc2a15c', 'Excellent quality and beautiful craftsmanship!', 5, '2025-12-01T19:23:58.163Z', '2025-12-01T19:23:58.163Z'),
('08e6552c-d8ea-4f43-bc4c-0076adcac73d', '77b42438-57dd-4318-aaa0-87a60be0af1d', NULL, 'd2c8dda4-56f8-47ac-9187-7d952bc2a15c', '传统工艺精湛，质量上乘！', 5, '2025-12-01T19:23:58.163Z', '2025-12-01T19:23:58.163Z'),
('eca826d6-244e-4b06-90a0-2accbb5c3c69', '1c650d71-68dc-4421-b419-f245bfce7a5c', NULL, 'd2c8dda4-56f8-47ac-9187-7d952bc2a15c', '非常满意，推荐购买！', 3, '2025-12-01T19:23:58.164Z', '2025-12-01T19:23:58.164Z'),
('bebfd377-7676-48b4-8b5d-6a0cfcb99676', '77b42438-57dd-4318-aaa0-87a60be0af1d', NULL, 'ddc8dddf-808d-4567-a59e-776f0d4b2def', '传统工艺精湛，质量上乘！', 5, '2025-12-01T19:23:58.164Z', '2025-12-01T19:23:58.164Z'),
('3303071f-7ae8-4291-b257-6b588f3682ec', '1c650d71-68dc-4421-b419-f245bfce7a5c', NULL, 'ddc8dddf-808d-4567-a59e-776f0d4b2def', 'Excellent quality and beautiful craftsmanship!', 1, '2025-12-01T19:23:58.164Z', '2025-12-01T19:23:58.164Z'),
('69b1a8dc-36fe-486c-918a-ce6d26b16fad', '50c424df-ec93-46a8-8469-38a9a4b3f397', NULL, 'ddc8dddf-808d-4567-a59e-776f0d4b2def', 'منتج يدوي أصيل يستحق كل قرش.', 6, '2025-12-01T19:23:58.164Z', '2025-12-01T19:23:58.164Z'),
('6259be43-0e79-4c85-8d93-8a995b792ce2', '6b8fb30c-bafa-4fb4-abae-d50b73d9922d', NULL, 'ddc8dddf-808d-4567-a59e-776f0d4b2def', 'منتج رائع وجودة عالية! أنصح به بشدة.', 6, '2025-12-01T19:23:58.164Z', '2025-12-01T19:23:58.164Z'),
('7fd9a73c-9576-44d7-a5c8-50e8cb986422', 'f6390744-0bce-4f8b-8c30-1ed13afb0a8e', NULL, 'ddc8dddf-808d-4567-a59e-776f0d4b2def', '非常满意，推荐购买！', 4, '2025-12-01T19:23:58.165Z', '2025-12-01T19:23:58.165Z'),
('f52d3a83-886f-4cfa-9938-042564f9438e', 'e9887336-983a-4f20-8f1e-b06122e28c23', NULL, 'ddc8dddf-808d-4567-a59e-776f0d4b2def', '传统工艺精湛，质量上乘！', 4, '2025-12-01T19:23:58.165Z', '2025-12-01T19:23:58.165Z');

-- Table: posts (5 records)
TRUNCATE TABLE posts CASCADE;
INSERT INTO posts (id, content, user_id, images, created_at, updated_at) VALUES
('01ad5cbf-9985-44ae-a021-7f72737909b5', '今天天气真好，适合出去走走！', 'bee7163b-58b1-4a8a-bcd6-aaa1bfd67cdd', https://picsum.photos/800/600?random=200, '2025-11-18T15:33:31.187Z', '2025-11-18T15:33:31.187Z'),
('4587b85d-f666-45e2-b848-f5251b003433', '分享一张美丽的风景照片 📸', '8f9c678d-f5cb-4884-96c6-c66d37cae04c', https://picsum.photos/800/600?random=201, '2025-11-18T15:33:31.188Z', '2025-11-18T15:33:31.188Z'),
('1c65e120-576e-4b16-93d5-33634272252c', '刚刚完成了一个新项目，很有成就感！', '5ee0a583-3f50-4831-ab58-4051b3a281aa', https://picsum.photos/800/600?random=202, '2025-11-18T15:33:31.188Z', '2025-11-18T15:33:31.188Z'),
('04be5e98-44d9-4f39-acbe-dc085719af8e', '推荐一本好书给大家：《活着》', '1cb09b3d-3e0c-44b6-899c-744a134fe0df', https://picsum.photos/800/600?random=203, '2025-11-18T15:33:31.188Z', '2025-11-18T15:33:31.188Z'),
('0167f107-aafb-460b-b4ae-228e747c7557', '周末计划：去爬山，享受大自然 🌲', '4c819c6c-f0b0-4e1d-8393-2a64359a4b9b', https://picsum.photos/800/600?random=204, '2025-11-18T15:33:31.189Z', '2025-11-18T15:33:31.189Z');

